species,omega,ell,m,Gamma,dEdtdw
0,0.01,0,-0,0,0
0,0.02,0,-0,6.66134e-16,2.56064e-18
0,0.03,0,-0,0,0
0,0.04,0,-0,0,0
0,0.05,0,-0,2.22045e-16,5.02221e-19
0,0.06,0,-0,5.55112e-16,1.03756e-18
0,0.07,0,-0,6.66134e-16,1.02225e-18
0,0.08,0,-0,1.22125e-15,1.52929e-18
0,0.09,0,-0,0,0
0,0.1,0,-0,1.55431e-15,1.27414e-18
0,0.11,0,-0,2.22045e-16,1.46127e-19
0,0.12,0,-0,0,0
0,0.13,0,-0,1.11022e-15,4.64437e-19
0,0.14,0,-0,1.9984e-15,6.62381e-19
0,0.15,0,-0,1.11022e-15,2.90485e-19
0,0.16,0,-0,0,0
0,0.17,0,-0,0,0
0,0.18,0,-0,0,0
0,0.19,0,-0,6.66134e-16,6.55592e-20
0,0.2,0,-0,2.22045e-16,1.69991e-20
0,0.21,0,-0,0,0
0,0.22,0,-0,1.11022e-16,5.10886e-21
0,0.23,0,-0,0,0
0,0.24,0,-0,6.10623e-15,1.67582e-19
0,0.25,0,-0,0,0
0,0.26,0,-0,6.55032e-15,1.06499e-19
0,0.27,0,-0,0,0
0,0.28,0,-0,3.33067e-16,3.18956e-21
0,0.29,0,-0,0,0
0,0.3,0,-0,0,0
0,0.31,0,-0,8.88178e-16,3.80945e-21
0,0.32,0,-0,1.11022e-15,3.63542e-21
0,0.33,0,-0,0,0
0,0.34,0,-0,0,0
0,0.35,0,-0,0,0
0,0.36,0,-0,0,0
0,0.37,0,-0,1.66533e-15,1.3954e-21
0,0.38,0,-0,4.55191e-15,2.89719e-21
0,0.39,0,-0,0,0
0,0.4,0,-0,6.66134e-16,2.44134e-22
0,0.41,0,-0,0,0
0,0.42,0,-0,0,0
0,0.43,0,-0,0,0
0,0.44,0,-0,0,0
0,0.45,0,-0,0,0
0,0.46,0,-0,0,0
0,0.47,0,-0,0,0
0,0.48,0,-0,0,0
0,0.49,0,-0,2.52021e-14,7.49337e-22
0,0.5,0,-0,0,0
0,0.51,0,-0,2.10942e-15,3.57099e-23
0,0.52,0,-0,0,0
0,0.53,0,-0,0,0
0,0.54,0,-0,0,0
0,0.55,0,-0,8.65974e-15,4.73086e-23
0,0.56,0,-0,4.44089e-16,1.82699e-24
0,0.57,0,-0,0,0
0,0.58,0,-0,0,0
0,0.59,0,-0,2.44249e-15,4.28327e-24
0,0.6,0,-0,0,0
0,0.61,0,-0,0,0
0,0.62,0,-0,3.55271e-15,2.64884e-24
0,0.63,0,-0,1.12133e-14,6.2832e-24
0,0.64,0,-0,6.66134e-16,2.8045e-25
0,0.65,0,-0,0,0
0,0.66,0,-0,3.10862e-15,7.38303e-25
0,0.67,0,-0,0,0
0,0.68,0,-0,3.33067e-16,4.45833e-26
0,0.69,0,-0,0,0
0,0.7,0,-0,2.77556e-15,2.09213e-25
0,0.71,0,-0,5.44009e-15,3.07617e-25
0,0.72,0,-0,2.22045e-16,9.41722e-27
0,0.73,0,-0,0,0
0,0.74,0,-0,2.44249e-15,5.82404e-26
0,0.75,0,-0,1.04361e-14,1.86536e-25
0,0.76,0,-0,3.33067e-15,4.46184e-26
0,0.77,0,-0,0,0
0,0.78,0,-0,0,0
0,0.79,0,-0,0,0
0,0.8,0,-0,0,0
0,0.81,0,-0,0,0
0,0.82,0,-0,9.65894e-15,2.28528e-26
0,0.83,0,-0,2.10942e-15,3.73631e-27
0,0.84,0,-0,6.66134e-16,8.83173e-28
0,0.85,0,-0,0,0
0,0.86,0,-0,0,0
0,0.87,0,-0,0,0
0,0.88,0,-0,4.77396e-15,1.9842e-27
0,0.89,0,-0,0,0
0,0.9,0,-0,0,0
0,0.91,0,-0,0,0
0,0.92,0,-0,0,0
0,0.93,0,-0,7.77156e-16,7.55506e-29
0,0.94,0,-0,2.9976e-15,2.17848e-28
0,0.95,0,-0,0,0
0,0.96,0,-0,0,0
0,0.97,0,-0,1.22125e-15,3.70544e-29
0,0.98,0,-0,1.66533e-15,3.7757e-29
0,0.99,0,-0,0,0
0,1,0,-0,5.10703e-15,6.46319e-29
0,1.01,0,-0,0,0
0,1.02,0,-0,0,0
0,1.03,0,-0,0,0
0,1.04,0,-0,4.44089e-16,1.74904e-30
0,1.05,0,-0,1.55431e-15,4.57119e-30
0,1.06,0,-0,0,0
0,1.07,0,-0,6.88338e-15,1.12849e-29
0,1.08,0,-0,0,0
0,1.09,0,-0,1.88738e-15,1.72427e-30
0,1.1,0,-0,2.22045e-16,1.51411e-31
0,1.11,0,-0,0,0
0,1.12,0,-0,0,0
0,1.13,0,-0,2.22045e-16,6.29299e-32
0,1.14,0,-0,8.77076e-15,1.85475e-30
0,1.15,0,-0,2.22045e-16,3.50337e-32
0,1.16,0,-0,3.33067e-16,3.9205e-32
0,1.17,0,-0,2.22045e-16,1.94977e-32
0,1.18,0,-0,2.22045e-16,1.4544e-32
0,1.19,0,-0,0,0
0,1.2,0,-0,0,0
0,1.21,0,-0,3.41949e-14,9.29226e-31
0,1.22,0,-0,0,0
0,1.23,0,-0,1.55431e-15,2.3487e-32
0,1.24,0,-0,1.11022e-15,1.25089e-32
0,1.25,0,-0,0,0
0,1.26,0,-0,5.55112e-16,3.47655e-33
0,1.27,0,-0,7.77156e-16,3.62839e-33
0,1.28,0,-0,0,0
0,1.29,0,-0,1.9984e-15,5.18423e-33
0,1.3,0,-0,3.77476e-15,7.29875e-33
0,1.31,0,-0,1.18794e-14,1.71193e-32
0,1.32,0,-0,8.90399e-14,9.56277e-32
0,1.33,0,-0,3.55271e-15,2.84342e-33
0,1.34,0,-0,0,0
0,1.35,0,-0,0,0
0,1.36,0,-0,1.11022e-15,3.67615e-34
0,1.37,0,-0,0,0
0,1.38,0,-0,0,0
0,1.39,0,-0,5.55112e-16,7.60068e-35
0,1.4,0,-0,5.55112e-16,5.662e-35
0,1.41,0,-0,1.11022e-16,8.43521e-36
0,1.42,0,-0,8.88178e-16,5.02643e-35
0,1.43,0,-0,9.99201e-16,4.21177e-35
0,1.44,0,-0,0,0
0,1.45,0,-0,0,0
0,1.46,0,-0,3.10862e-15,5.41266e-35
0,1.47,0,-0,3.33067e-16,4.3186e-36
0,1.48,0,-0,0,0
0,1.49,0,-0,0,0
0,1.5,0,-0,0,0
0,1.51,0,-0,8.88178e-16,3.53989e-36
0,1.52,0,-0,0,0
0,1.53,0,-0,9.99201e-16,2.20732e-36
0,1.54,0,-0,1.11022e-15,1.82582e-36
0,1.55,0,-0,0,0
0,1.56,0,-0,2.22045e-16,2.02349e-37
0,1.57,0,-0,3.33067e-16,2.25929e-37
0,1.58,0,-0,0,0
0,1.59,0,-0,0,0
0,1.6,0,-0,2.22045e-16,6.21032e-38
0,1.61,0,-0,2.22045e-16,4.62194e-38
0,1.62,0,-0,3.33067e-16,5.15952e-38
0,1.63,0,-0,1.22125e-15,1.40785e-37
0,1.64,0,-0,0,0
0,1.65,0,-0,1.11022e-16,7.08714e-39
0,1.66,0,-0,0,0
0,1.67,0,-0,5.55112e-16,1.96193e-38
0,1.68,0,-0,0,0
0,1.69,0,-0,0,0
0,1.7,0,-0,1.55431e-15,2.26249e-38
0,1.71,0,-0,8.00471e-14,8.66853e-37
0,1.72,0,-0,4.44089e-16,3.57773e-39
0,1.73,0,-0,1.22125e-15,7.31918e-39
0,1.74,0,-0,0,0
0,1.75,0,-0,0,0
0,1.76,0,-0,5.55112e-16,1.36937e-39
0,1.77,0,-0,0,0
0,1.78,0,-0,2.78666e-14,3.80312e-38
0,1.79,0,-0,8.88178e-16,9.01559e-40
0,1.8,0,-0,4.44089e-16,3.35265e-40
0,1.81,0,-0,1.11022e-16,6.2336e-41
0,1.82,0,-0,0,0
0,1.83,0,-0,0,0
0,1.84,0,-0,0,0
0,1.85,0,-0,5.21805e-15,8.96083e-40
0,1.86,0,-0,3.33067e-16,4.25321e-41
0,1.87,0,-0,0,0
0,1.88,0,-0,6.66134e-16,4.70329e-41
0,1.89,0,-0,0,0
0,1.9,0,-0,0,0
0,1.91,0,-0,0,0
0,1.92,0,-0,0,0
0,1.93,0,-0,1.33227e-15,2.13724e-41
0,1.94,0,-0,0,0
0,1.95,0,-0,0,0
0,1.96,0,-0,0,0
0,1.97,0,-0,-nan,-nan
0,1.98,0,-0,-nan,-nan
0,1.99,0,-0,-nan,-nan
0,0.01,1,-1,0,0
0,0.02,1,-1,2.22045e-16,8.18634e-22
0,0.03,1,-1,2.22045e-16,9.07934e-22
0,0.04,1,-1,0,0
0,0.05,1,-1,0,0
0,0.06,1,-1,0,0
0,0.07,1,-1,0,0
0,0.08,1,-1,0,0
0,0.09,1,-1,0,0
0,0.1,1,-1,0,0
0,0.11,1,-1,8.88178e-16,1.19147e-21
0,0.12,1,-1,1.77636e-14,1.92264e-20
0,0.13,1,-1,4.44089e-16,3.85122e-22
0,0.14,1,-1,1.11022e-15,7.66873e-22
0,0.15,1,-1,0,0
0,0.16,1,-1,5.55112e-16,2.39711e-22
0,0.17,1,-1,0,0
0,0.18,1,-1,0,0
0,0.19,1,-1,2.22045e-16,4.60672e-23
0,0.2,1,-1,3.33067e-16,5.37976e-23
0,0.21,1,-1,3.10862e-15,3.89936e-22
0,0.22,1,-1,5.55112e-16,5.39526e-23
0,0.23,1,-1,0,0
0,0.24,1,-1,0,0
0,0.25,1,-1,3.77476e-15,1.68675e-22
0,0.26,1,-1,0,0
0,0.27,1,-1,4.44089e-16,1.17237e-23
0,0.28,1,-1,0,0
0,0.29,1,-1,0,0
0,0.3,1,-1,4.44089e-16,5.27032e-24
0,0.31,1,-1,3.33067e-16,3.02095e-24
0,0.32,1,-1,0,0
0,0.33,1,-1,1.11022e-16,5.86385e-25
0,0.34,1,-1,0,0
0,0.35,1,-1,7.77156e-16,2.38147e-24
0,0.36,1,-1,0,0
0,0.37,1,-1,4.10783e-15,7.27932e-24
0,0.38,1,-1,0,0
0,0.39,1,-1,1.33227e-15,1.36126e-24
0,0.4,1,-1,0,0
0,0.41,1,-1,1.44329e-15,8.48072e-25
0,0.42,1,-1,1.11022e-16,4.94265e-26
0,0.43,1,-1,8.88178e-16,2.99415e-25
0,0.44,1,-1,1.22125e-15,3.11577e-25
0,0.45,1,-1,7.21645e-15,1.39268e-24
0,0.46,1,-1,8.88178e-16,1.29591e-25
0,0.47,1,-1,1.43219e-14,1.57914e-24
0,0.48,1,-1,3.33067e-16,2.77396e-26
0,0.49,1,-1,4.32987e-15,2.72272e-25
0,0.5,1,-1,0,0
0,0.51,1,-1,0,0
0,0.52,1,-1,0,0
0,0.53,1,-1,0,0
0,0.54,1,-1,0,0
0,0.55,1,-1,0,0
0,0.56,1,-1,2.22045e-16,1.93193e-27
0,0.57,1,-1,0,0
0,0.58,1,-1,0,0
0,0.59,1,-1,9.32587e-15,3.45875e-26
0,0.6,1,-1,0,0
0,0.61,1,-1,0,0
0,0.62,1,-1,0,0
0,0.63,1,-1,0,0
0,0.64,1,-1,3.33067e-15,2.9656e-27
0,0.65,1,-1,0,0
0,0.66,1,-1,2.22045e-16,1.11531e-28
0,0.67,1,-1,0,0
0,0.68,1,-1,0,0
0,0.69,1,-1,1.22125e-15,2.59463e-28
0,0.7,1,-1,1.42109e-14,2.26541e-27
0,0.71,1,-1,0,0
0,0.72,1,-1,0,0
0,0.73,1,-1,6.66134e-16,4.4805e-29
0,0.74,1,-1,0,0
0,0.75,1,-1,1.25455e-14,4.74243e-28
0,0.76,1,-1,0,0
0,0.77,1,-1,8.88178e-16,1.88561e-29
0,0.78,1,-1,0,0
0,0.79,1,-1,1.11022e-15,1.32284e-29
0,0.8,1,-1,0,0
0,0.81,1,-1,2.08722e-14,1.39486e-28
0,0.82,1,-1,2.10942e-15,1.05551e-29
0,0.83,1,-1,2.44249e-15,9.14953e-30
0,0.84,1,-1,0,0
0,0.85,1,-1,0,0
0,0.86,1,-1,0,0
0,0.87,1,-1,1.22125e-15,1.43492e-30
0,0.88,1,-1,3.33067e-15,2.92769e-30
0,0.89,1,-1,0,0
0,0.9,1,-1,0,0
0,0.91,1,-1,1.11022e-16,4.08297e-32
0,0.92,1,-1,4.44089e-16,1.2212e-31
0,0.93,1,-1,3.9968e-15,8.21731e-31
0,0.94,1,-1,0,0
0,0.95,1,-1,1.9984e-14,2.29588e-30
0,0.96,1,-1,6.55032e-15,5.62446e-31
0,0.97,1,-1,0,0
0,0.98,1,-1,2.22045e-15,1.06469e-31
0,0.99,1,-1,5.55112e-16,1.98873e-32
0,1,1,-1,0,0
0,1.01,1,-1,0,0
0,1.02,1,-1,0,0
0,1.03,1,-1,0,0
0,1.04,1,-1,4.44089e-16,3.69903e-33
0,1.05,1,-1,2.88658e-15,1.7954e-32
0,1.06,1,-1,5.21805e-15,2.4233e-32
0,1.07,1,-1,6.66134e-16,2.30963e-33
0,1.08,1,-1,2.55351e-15,6.60944e-33
0,1.09,1,-1,5.55112e-16,1.07254e-33
0,1.1,1,-1,3.10862e-15,4.48304e-33
0,1.11,1,-1,0,0
0,1.12,1,-1,3.77476e-15,3.03199e-33
0,1.13,1,-1,0,0
0,1.14,1,-1,1.9984e-15,8.93753e-34
0,1.15,1,-1,1.88738e-15,6.29784e-34
0,1.16,1,-1,0,0
0,1.17,1,-1,1.55431e-15,2.88648e-34
0,1.18,1,-1,3.4639e-14,4.79839e-33
0,1.19,1,-1,0,0
0,1.2,1,-1,5.55112e-16,4.27779e-35
0,1.21,1,-1,0,0
0,1.22,1,-1,0,0
0,1.23,1,-1,2.22045e-16,7.09605e-36
0,1.24,1,-1,1.55431e-15,3.7037e-35
0,1.25,1,-1,0,0
0,1.26,1,-1,7.77156e-16,1.02935e-35
0,1.27,1,-1,0,0
0,1.28,1,-1,0,0
0,1.29,1,-1,0,0
0,1.3,1,-1,0,0
0,1.31,1,-1,1.88738e-15,5.75226e-36
0,1.32,1,-1,0,0
0,1.33,1,-1,8.88178e-16,1.50338e-36
0,1.34,1,-1,0,0
0,1.35,1,-1,0,0
0,1.36,1,-1,0,0
0,1.37,1,-1,1.77636e-15,9.26801e-37
0,1.38,1,-1,2.22045e-15,8.63097e-37
0,1.39,1,-1,0,0
0,1.4,1,-1,3.21965e-15,6.94521e-37
0,1.41,1,-1,1.66533e-15,2.67593e-37
0,1.42,1,-1,2.22045e-16,2.65758e-38
0,1.43,1,-1,0,0
0,1.44,1,-1,0,0
0,1.45,1,-1,1.11022e-15,5.48972e-38
0,1.46,1,-1,0,0
0,1.47,1,-1,1.11022e-16,3.04445e-39
0,1.48,1,-1,0,0
0,1.49,1,-1,1.44329e-15,2.19447e-38
0,1.5,1,-1,0,0
0,1.51,1,-1,0,0
0,1.52,1,-1,1.66533e-15,1.04508e-38
0,1.53,1,-1,4.44089e-16,2.07477e-39
0,1.54,1,-1,0,0
0,1.55,1,-1,0,0
0,1.56,1,-1,1.11022e-15,2.13972e-39
0,1.57,1,-1,0,0
0,1.58,1,-1,0,0
0,1.59,1,-1,0,0
0,1.6,1,-1,0,0
0,1.61,1,-1,1.11022e-15,4.88744e-40
0,1.62,1,-1,1.77636e-15,5.81963e-40
0,1.63,1,-1,0,0
0,1.64,1,-1,8.88178e-16,1.6114e-40
0,1.65,1,-1,0,0
0,1.66,1,-1,0,0
0,1.67,1,-1,0,0
0,1.68,1,-1,0,0
0,1.69,1,-1,0,0
0,1.7,1,-1,2.22045e-16,6.83559e-42
0,1.71,1,-1,0,0
0,1.72,1,-1,3.88578e-15,6.62068e-41
0,1.73,1,-1,0,0
0,1.74,1,-1,0,0
0,1.75,1,-1,0,0
0,1.76,1,-1,0,0
0,1.77,1,-1,5.55112e-16,2.15413e-42
0,1.78,1,-1,0,0
0,1.79,1,-1,1.02141e-13,2.1927e-40
0,1.8,1,-1,0,0
0,1.81,1,-1,1.66533e-15,1.9775e-42
0,1.82,1,-1,0,0
0,1.83,1,-1,0,0
0,1.84,1,-1,0,0
0,1.85,1,-1,5.55112e-16,2.01608e-43
0,1.86,1,-1,0,0
0,1.87,1,-1,0,0
0,1.88,1,-1,0,0
0,1.89,1,-1,0,0
0,1.9,1,-1,0,0
0,1.91,1,-1,0,0
0,1.92,1,-1,0,0
0,1.93,1,-1,0,0
0,1.94,1,-1,2.72005e-14,6.8608e-43
0,1.95,1,-1,0,0
0,1.96,1,-1,0,0
0,1.97,1,-1,-nan,-nan
0,1.98,1,-1,-nan,-nan
0,1.99,1,-1,-nan,-nan
0,0.01,1,0,0,0
0,0.02,1,0,1.22125e-15,4.69451e-18
0,0.03,1,0,0,0
0,0.04,1,0,0,0
0,0.05,1,0,0,0
0,0.06,1,0,0,0
0,0.07,1,0,0,0
0,0.08,1,0,5.55112e-16,6.95133e-19
0,0.09,1,0,0,0
0,0.1,1,0,6.66134e-16,5.46059e-19
0,0.11,1,0,1.44329e-15,9.49823e-19
0,0.12,1,0,0,0
0,0.13,1,0,8.88178e-16,3.71549e-19
0,0.14,1,0,0,0
0,0.15,1,0,0,0
0,0.16,1,0,8.88178e-16,1.82814e-19
0,0.17,1,0,0,0
0,0.18,1,0,0,0
0,0.19,1,0,0,0
0,0.2,1,0,0,0
0,0.21,1,0,4.44089e-16,2.63862e-20
0,0.22,1,0,0,0
0,0.23,1,0,0,0
0,0.24,1,0,1.77636e-15,4.8751e-20
0,0.25,1,0,0,0
0,0.26,1,0,0,0
0,0.27,1,0,3.33067e-16,4.15877e-21
0,0.28,1,0,9.99201e-16,9.56869e-21
0,0.29,1,0,9.99201e-16,7.32947e-21
0,0.3,1,0,0,0
0,0.31,1,0,1.44329e-15,6.19035e-21
0,0.32,1,0,1.11022e-16,3.63542e-22
0,0.33,1,0,0,0
0,0.34,1,0,3.33067e-16,6.33872e-22
0,0.35,1,0,7.88258e-15,1.14216e-20
0,0.36,1,0,2.10942e-15,2.3252e-21
0,0.37,1,0,2.10942e-15,1.76751e-21
0,0.38,1,0,5.44009e-15,3.46249e-21
0,0.39,1,0,1.11022e-15,5.36386e-22
0,0.4,1,0,0,0
0,0.41,1,0,2.22045e-16,6.16927e-23
0,0.42,1,0,0,0
0,0.43,1,0,1.38778e-14,2.21211e-21
0,0.44,1,0,0,0
0,0.45,1,0,1.9984e-15,1.82357e-22
0,0.46,1,0,1.44329e-15,9.95733e-23
0,0.47,1,0,0,0
0,0.48,1,0,3.77476e-15,1.48652e-22
0,0.49,1,0,0,0
0,0.5,1,0,9.10383e-15,2.04288e-22
0,0.51,1,0,0,0
0,0.52,1,0,0,0
0,0.53,1,0,0,0
0,0.54,1,0,7.77156e-16,5.63598e-24
0,0.55,1,0,5.32907e-15,2.9113e-23
0,0.56,1,0,0,0
0,0.57,1,0,0,0
0,0.58,1,0,0,0
0,0.59,1,0,0,0
0,0.6,1,0,0,0
0,0.61,1,0,1.37668e-14,1.36541e-23
0,0.62,1,0,0,0
0,0.63,1,0,0,0
0,0.64,1,0,0,0
0,0.65,1,0,5.60663e-14,1.7731e-23
0,0.66,1,0,0,0
0,0.67,1,0,0,0
0,0.68,1,0,0,0
0,0.69,1,0,0,0
0,0.7,1,0,1.22125e-15,9.20539e-26
0,0.71,1,0,7.10543e-15,4.01785e-25
0,0.72,1,0,0,0
0,0.73,1,0,3.33067e-15,1.05928e-25
0,0.74,1,0,4.44089e-16,1.05892e-26
0,0.75,1,0,0,0
0,0.76,1,0,3.53051e-14,4.72955e-25
0,0.77,1,0,0,0
0,0.78,1,0,3.33067e-16,2.50498e-27
0,0.79,1,0,1.53211e-14,8.63175e-26
0,0.8,1,0,5.55112e-16,2.34238e-27
0,0.81,1,0,0,0
0,0.82,1,0,2.64233e-14,6.25169e-26
0,0.83,1,0,3.33067e-16,5.89943e-28
0,0.84,1,0,3.88578e-15,5.15184e-27
0,0.85,1,0,0,0
0,0.86,1,0,6.99441e-15,5.19354e-27
0,0.87,1,0,0,0
0,0.88,1,0,0,0
0,0.89,1,0,0,0
0,0.9,1,0,0,0
0,0.91,1,0,1.13243e-14,1.9692e-27
0,0.92,1,0,0,0
0,0.93,1,0,0,0
0,0.94,1,0,0,0
0,0.95,1,0,0,0
0,0.96,1,0,0,0
0,0.97,1,0,3.33067e-15,1.01057e-28
0,0.98,1,0,2.88658e-15,6.54454e-29
0,0.99,1,0,1.11022e-15,1.8807e-29
0,1,1,0,0,0
0,1.01,1,0,3.21965e-14,3.04378e-28
0,1.02,1,0,4.996e-15,3.52785e-29
0,1.03,1,0,0,0
0,1.04,1,0,0,0
0,1.05,1,0,0,0
0,1.06,1,0,2.9865e-14,6.55805e-29
0,1.07,1,0,0,0
0,1.08,1,0,0,0
0,1.09,1,0,0,0
0,1.1,1,0,0,0
0,1.11,1,0,0,0
0,1.12,1,0,5.77316e-15,2.19263e-30
0,1.13,1,0,0,0
0,1.14,1,0,3.21965e-15,6.80857e-31
0,1.15,1,0,7.77156e-16,1.22618e-31
0,1.16,1,0,8.88178e-16,1.04547e-31
0,1.17,1,0,5.55112e-16,4.87442e-32
0,1.18,1,0,0,0
0,1.19,1,0,0,0
0,1.2,1,0,7.09433e-14,2.58501e-30
0,1.21,1,0,5.88418e-15,1.59899e-31
0,1.22,1,0,0,0
0,1.23,1,0,0,0
0,1.24,1,0,9.99201e-16,1.1258e-32
0,1.25,1,0,1.33227e-15,1.11917e-32
0,1.26,1,0,0,0
0,1.27,1,0,0,0
0,1.28,1,0,1.33227e-15,4.63669e-33
0,1.29,1,0,4.44089e-15,1.15205e-32
0,1.3,1,0,2.65343e-14,5.13059e-32
0,1.31,1,0,4.44089e-16,6.39974e-34
0,1.32,1,0,3.33067e-16,3.5771e-34
0,1.33,1,0,0,0
0,1.34,1,0,6.66134e-16,3.97284e-34
0,1.35,1,0,2.22045e-16,9.86763e-35
0,1.36,1,0,0,0
0,1.37,1,0,0,0
0,1.38,1,0,0,0
0,1.39,1,0,8.88178e-16,1.21611e-34
0,1.4,1,0,0,0
0,1.41,1,0,2.22045e-16,1.68704e-35
0,1.42,1,0,0,0
0,1.43,1,0,0,0
0,1.44,1,0,1.22125e-15,3.83394e-35
0,1.45,1,0,0,0
0,1.46,1,0,1.77636e-15,3.09295e-35
0,1.47,1,0,0,0
0,1.48,1,0,4.44089e-16,4.28776e-36
0,1.49,1,0,0,0
0,1.5,1,0,0,0
0,1.51,1,0,0,0
0,1.52,1,0,0,0
0,1.53,1,0,3.33067e-16,7.35774e-37
0,1.54,1,0,0,0
0,1.55,1,0,2.33147e-15,2.85425e-36
0,1.56,1,0,0,0
0,1.57,1,0,2.22045e-16,1.50619e-37
0,1.58,1,0,7.77156e-16,3.92383e-37
0,1.59,1,0,1.55431e-15,5.84096e-37
0,1.6,1,0,5.55112e-16,1.55258e-37
0,1.61,1,0,0,0
0,1.62,1,0,0,0
0,1.63,1,0,0,0
0,1.64,1,0,1.9984e-15,1.71435e-37
0,1.65,1,0,0,0
0,1.66,1,0,4.44089e-16,2.1094e-38
0,1.67,1,0,1.44329e-15,5.10101e-38
0,1.68,1,0,0,0
0,1.69,1,0,0,0
0,1.7,1,0,0,0
0,1.71,1,0,9.99201e-16,1.08206e-38
0,1.72,1,0,0,0
0,1.73,1,0,0,0
0,1.74,1,0,3.33067e-16,1.4849e-39
0,1.75,1,0,0,0
0,1.76,1,0,0,0
0,1.77,1,0,2.77556e-15,5.09278e-39
0,1.78,1,0,0,0
0,1.79,1,0,5.55112e-16,5.63474e-40
0,1.8,1,0,1.77636e-15,1.34106e-39
0,1.81,1,0,9.99201e-16,5.61024e-40
0,1.82,1,0,0,0
0,1.83,1,0,7.77156e-16,2.41334e-40
0,1.84,1,0,2.77556e-15,6.40961e-40
0,1.85,1,0,0,0
0,1.86,1,0,0,0
0,1.87,1,0,0,0
0,1.88,1,0,3.33067e-16,2.35164e-41
0,1.89,1,0,1.11022e-16,5.82852e-42
0,1.9,1,0,9.99201e-16,3.9003e-41
0,1.91,1,0,0,0
0,1.92,1,0,0,0
0,1.93,1,0,0,0
0,1.94,1,0,0,0
0,1.95,1,0,0,0
0,1.96,1,0,0,0
0,1.97,1,0,-nan,-nan
0,1.98,1,0,-nan,-nan
0,1.99,1,0,-nan,-nan
0,0.01,1,1,4.44089e-16,-7.08817e-19
0,0.02,1,1,3.33067e-16,-1.0643e-18
0,0.03,1,1,4.44089e-16,-2.13151e-18
0,0.04,1,1,0,-0
0,0.05,1,1,2.22045e-16,-1.78402e-18
0,0.06,1,1,0,-0
0,0.07,1,1,0,-0
0,0.08,1,1,0,-0
0,0.09,1,1,2.33147e-15,-3.44974e-17
0,0.1,1,1,1.77636e-15,-2.95473e-17
0,0.11,1,1,6.32827e-15,-1.17658e-16
0,0.12,1,1,1.77636e-15,-3.68331e-17
0,0.13,1,1,3.44169e-15,-7.9716e-17
0,0.14,1,1,0,-0
0,0.15,1,1,5.55112e-16,-1.64642e-17
0,0.16,1,1,0,-0
0,0.17,1,1,0,-0
0,0.18,1,1,0,-0
0,0.19,1,1,0,-0
0,0.2,1,1,2.22045e-16,-5.96175e-17
0,0.21,1,1,0,0
0,0.22,1,1,0,0
0,0.23,1,1,0,0
0,0.24,1,1,3.33067e-15,6.53889e-17
0,0.25,1,1,0,0
0,0.26,1,1,7.77156e-16,7.33422e-18
0,0.27,1,1,3.33067e-16,2.27886e-18
0,0.28,1,1,0,0
0,0.29,1,1,9.99201e-16,3.74661e-18
0,0.3,1,1,0,0
0,0.31,1,1,2.22045e-16,4.69574e-19
0,0.32,1,1,0,0
0,0.33,1,1,0,0
0,0.34,1,1,0,0
0,0.35,1,1,0,0
0,0.36,1,1,0,0
0,0.37,1,1,0,0
0,0.38,1,1,5.21805e-15,1.57821e-18
0,0.39,1,1,0,0
0,0.4,1,1,2.03171e-14,3.53038e-18
0,0.41,1,1,6.66134e-16,8.76882e-20
0,0.42,1,1,0,0
0,0.43,1,1,0,0
0,0.44,1,1,0,0
0,0.45,1,1,1.11022e-15,4.79318e-20
0,0.46,1,1,7.77156e-16,2.53632e-20
0,0.47,1,1,0,0
0,0.48,1,1,1.11022e-16,2.06781e-21
0,0.49,1,1,0,0
0,0.5,1,1,0,0
0,0.51,1,1,0,0
0,0.52,1,1,0,0
0,0.53,1,1,0,0
0,0.54,1,1,0,0
0,0.55,1,1,0,0
0,0.56,1,1,0,0
0,0.57,1,1,0,0
0,0.58,1,1,0,0
0,0.59,1,1,0,0
0,0.6,1,1,0,0
0,0.61,1,1,3.44169e-15,1.61405e-21
0,0.62,1,1,0,0
0,0.63,1,1,0,0
0,0.64,1,1,5.55112e-16,1.10506e-22
0,0.65,1,1,0,0
0,0.66,1,1,8.88178e-16,9.97424e-23
0,0.67,1,1,0,0
0,0.68,1,1,0,0
0,0.69,1,1,0,0
0,0.7,1,1,0,0
0,0.71,1,1,0,0
0,0.72,1,1,0,0
0,0.73,1,1,4.21885e-15,6.34431e-23
0,0.74,1,1,5.10703e-15,5.758e-23
0,0.75,1,1,5.10703e-15,4.31624e-23
0,0.76,1,1,2.9976e-15,1.89875e-23
0,0.77,1,1,4.44089e-16,2.10788e-24
0,0.78,1,1,0,0
0,0.79,1,1,1.11022e-15,2.95755e-24
0,0.8,1,1,4.10783e-15,8.19599e-24
0,0.81,1,1,0,0
0,0.82,1,1,3.55271e-15,3.9745e-24
0,0.83,1,1,0,0
0,0.84,1,1,0,0
0,0.85,1,1,0,0
0,0.86,1,1,1.55431e-15,5.45712e-25
0,0.87,1,1,1.18794e-14,3.12065e-24
0,0.88,1,1,1.90958e-14,3.75282e-24
0,0.89,1,1,8.10463e-15,1.19142e-24
0,0.9,1,1,1.11022e-15,1.22067e-25
0,0.91,1,1,0,0
0,0.92,1,1,0,0
0,0.93,1,1,2.22045e-16,1.02066e-26
0,0.94,1,1,7.77156e-16,2.67054e-26
0,0.95,1,1,1.44329e-14,3.7072e-25
0,0.96,1,1,6.88338e-15,1.32144e-25
0,0.97,1,1,4.95159e-14,7.10386e-25
0,0.98,1,1,1.88738e-15,2.02333e-26
0,0.99,1,1,0,0
0,1,1,1,0,0
0,1.01,1,1,0,0
0,1.02,1,1,0,0
0,1.03,1,1,0,0
0,1.04,1,1,8.88178e-16,1.65403e-27
0,1.05,1,1,3.77476e-15,5.24919e-27
0,1.06,1,1,0,0
0,1.07,1,1,0,0
0,1.08,1,1,1.04361e-14,6.03934e-27
0,1.09,1,1,0,0
0,1.1,1,1,0,0
0,1.11,1,1,0,0
0,1.12,1,1,0,0
0,1.13,1,1,2.22045e-15,2.97557e-28
0,1.14,1,1,0,0
0,1.15,1,1,6.88338e-15,5.13523e-28
0,1.16,1,1,1.11022e-15,6.17921e-29
0,1.17,1,1,7.77156e-16,3.22673e-29
0,1.18,1,1,5.55112e-16,1.71924e-29
0,1.19,1,1,1.66533e-15,3.84704e-29
0,1.2,1,1,8.10463e-15,1.39636e-28
0,1.21,1,1,8.10463e-15,1.04137e-28
0,1.22,1,1,4.9849e-14,4.77649e-28
0,1.23,1,1,5.10703e-15,3.64897e-29
0,1.24,1,1,0,0
0,1.25,1,1,0,0
0,1.26,1,1,0,0
0,1.27,1,1,3.33067e-16,7.35276e-31
0,1.28,1,1,1.22125e-15,2.00971e-30
0,1.29,1,1,7.77156e-16,9.53284e-31
0,1.3,1,1,1.9984e-15,1.82707e-30
0,1.31,1,1,0,0
0,1.32,1,1,0,0
0,1.33,1,1,0,0
0,1.34,1,1,0,0
0,1.35,1,1,0,0
0,1.36,1,1,1.9984e-15,3.1288e-31
0,1.37,1,1,0,0
0,1.38,1,1,9.99201e-16,8.68355e-32
0,1.39,1,1,1.33227e-15,8.62534e-32
0,1.4,1,1,0,0
0,1.41,1,1,7.77156e-16,2.79194e-32
0,1.42,1,1,0,0
0,1.43,1,1,1.33227e-15,2.65531e-32
0,1.44,1,1,6.66134e-16,9.88819e-33
0,1.45,1,1,7.38298e-14,8.16202e-31
0,1.46,1,1,0,0
0,1.47,1,1,2.44249e-15,1.49747e-32
0,1.48,1,1,0,0
0,1.49,1,1,0,0
0,1.5,1,1,4.44089e-16,1.12404e-33
0,1.51,1,1,4.44089e-16,8.36897e-34
0,1.52,1,1,2.77556e-15,3.89425e-33
0,1.53,1,1,1.33227e-15,1.39161e-33
0,1.54,1,1,0,0
0,1.55,1,1,9.99201e-16,5.78399e-34
0,1.56,1,1,5.21805e-15,2.24844e-33
0,1.57,1,1,4.77396e-15,1.5312e-33
0,1.58,1,1,0,0
0,1.59,1,1,0,0
0,1.6,1,1,0,0
0,1.61,1,1,2.22045e-16,2.18543e-35
0,1.62,1,1,0,0
0,1.63,1,1,0,0
0,1.64,1,1,0,0
0,1.65,1,1,0,0
0,1.66,1,1,4.44089e-16,9.97406e-36
0,1.67,1,1,4.44089e-16,7.42139e-36
0,1.68,1,1,0,0
0,1.69,1,1,2.22045e-16,2.05416e-36
0,1.7,1,1,1.11022e-14,7.64137e-35
0,1.71,1,1,7.77156e-16,3.97943e-36
0,1.72,1,1,0,0
0,1.73,1,1,0,0
0,1.74,1,1,2.77556e-15,5.851e-36
0,1.75,1,1,0,0
0,1.76,1,1,0,0
0,1.77,1,1,6.66134e-16,5.77935e-37
0,1.78,1,1,7.77156e-16,5.01507e-37
0,1.79,1,1,0,0
0,1.8,1,1,9.99201e-16,3.56684e-37
0,1.81,1,1,3.33067e-16,8.84245e-38
0,1.82,1,1,1.22125e-15,2.41125e-37
0,1.83,1,1,0,0
0,1.84,1,1,3.33067e-16,3.63685e-38
0,1.85,1,1,0,0
0,1.86,1,1,9.99201e-16,6.03325e-38
0,1.87,1,1,0,0
0,1.88,1,1,2.55351e-15,8.52493e-38
0,1.89,1,1,3.33067e-16,8.26785e-39
0,1.9,1,1,5.55112e-16,1.02456e-38
0,1.91,1,1,0,0
0,1.92,1,1,0,0
0,1.93,1,1,9.99201e-16,7.57927e-39
0,1.94,1,1,2.44249e-15,1.37739e-38
0,1.95,1,1,0,0
0,1.96,1,1,0,0
0,1.97,1,1,-nan,-nan
0,1.98,1,1,-nan,-nan
0,1.99,1,1,-nan,-nan
0,0.01,2,-2,0,0
0,0.02,2,-2,4.44089e-16,3.45864e-24
0,0.03,2,-2,0,0
0,0.04,2,-2,0,0
0,0.05,2,-2,0,0
0,0.06,2,-2,1.55431e-15,1.08671e-23
0,0.07,2,-2,2.22045e-16,1.33957e-24
0,0.08,2,-2,1.11022e-16,5.66151e-25
0,0.09,2,-2,5.55112e-16,2.35537e-24
0,0.1,2,-2,0,0
0,0.11,2,-2,5.55112e-14,1.57477e-22
0,0.12,2,-2,2.22045e-16,5.08243e-25
0,0.13,2,-2,0,0
0,0.14,2,-2,4.44089e-16,6.4872e-25
0,0.15,2,-2,0,0
0,0.16,2,-2,4.44089e-16,4.05563e-25
0,0.17,2,-2,7.32747e-15,5.25867e-24
0,0.18,2,-2,0,0
0,0.19,2,-2,6.77236e-15,2.9715e-24
0,0.2,2,-2,0,0
0,0.21,2,-2,0,0
0,0.22,2,-2,0,0
0,0.23,2,-2,2.55351e-15,4.05851e-25
0,0.24,2,-2,0,0
0,0.25,2,-2,0,0
0,0.26,2,-2,4.65183e-14,3.38152e-24
0,0.27,2,-2,0,0
0,0.28,2,-2,0,0
0,0.29,2,-2,0,0
0,0.3,2,-2,6.66134e-16,1.67192e-26
0,0.31,2,-2,0,0
0,0.32,2,-2,0,0
0,0.33,2,-2,0,0
0,0.34,2,-2,5.55112e-16,4.72509e-27
0,0.35,2,-2,0,0
0,0.36,2,-2,7.77156e-16,3.83152e-27
0,0.37,2,-2,0,0
0,0.38,2,-2,0,0
0,0.39,2,-2,0,0
0,0.4,2,-2,0,0
0,0.41,2,-2,4.44089e-16,5.5187e-28
0,0.42,2,-2,0,0
0,0.43,2,-2,0,0
0,0.44,2,-2,5.55112e-16,2.99523e-28
0,0.45,2,-2,0,0
0,0.46,2,-2,1.44329e-15,4.45366e-28
0,0.47,2,-2,6.66134e-16,1.55335e-28
0,0.48,2,-2,6.43929e-15,1.13421e-27
0,0.49,2,-2,6.77236e-15,9.00649e-28
0,0.5,2,-2,0,0
0,0.51,2,-2,2.57572e-14,1.95028e-27
0,0.52,2,-2,1.44329e-15,8.24119e-29
0,0.53,2,-2,1.23235e-14,5.30453e-28
0,0.54,2,-2,7.77156e-16,2.52084e-29
0,0.55,2,-2,2.77556e-15,6.78203e-29
0,0.56,2,-2,3.33067e-16,6.12874e-30
0,0.57,2,-2,0,0
0,0.58,2,-2,0,0
0,0.59,2,-2,0,0
0,0.6,2,-2,0,0
0,0.61,2,-2,3.08642e-14,1.36918e-28
0,0.62,2,-2,9.10383e-15,3.03595e-29
0,0.63,2,-2,0,0
0,0.64,2,-2,4.60743e-14,8.67614e-29
0,0.65,2,-2,0,0
0,0.66,2,-2,7.77156e-16,8.25562e-31
0,0.67,2,-2,0,0
0,0.68,2,-2,4.44089e-16,2.6588e-31
0,0.69,2,-2,2.16493e-14,9.72759e-30
0,0.7,2,-2,4.44089e-16,1.49721e-31
0,0.71,2,-2,0,0
0,0.72,2,-2,1.40998e-14,2.67468e-30
0,0.73,2,-2,7.10543e-15,1.01075e-30
0,0.74,2,-2,0,0
0,0.75,2,-2,0,0
0,0.76,2,-2,1.25455e-14,7.51702e-31
0,0.77,2,-2,6.66134e-16,2.99089e-32
0,0.78,2,-2,0,0
0,0.79,2,-2,0,0
0,0.8,2,-2,6.66134e-16,1.25723e-32
0,0.81,2,-2,0,0
0,0.82,2,-2,5.77316e-15,6.10939e-32
0,0.83,2,-2,3.66374e-15,2.90254e-32
0,0.84,2,-2,0,0
0,0.85,2,-2,0,0
0,0.86,2,-2,0,0
0,0.87,2,-2,0,0
0,0.88,2,-2,7.77156e-16,1.44474e-33
0,0.89,2,-2,0,0
0,0.9,2,-2,1.66533e-15,1.73201e-33
0,0.91,2,-2,0,0
0,0.92,2,-2,0,0
0,0.93,2,-2,7.77156e-16,3.37919e-34
0,0.94,2,-2,1.95399e-14,6.3515e-33
0,0.95,2,-2,0,0
0,0.96,2,-2,0,0
0,0.97,2,-2,0,0
0,0.98,2,-2,2.22045e-16,2.2517e-35
0,0.99,2,-2,0,0
0,1,2,-2,0,0
0,1.01,2,-2,0,0
0,1.02,2,-2,1.66533e-15,5.25974e-35
0,1.03,2,-2,1.77636e-15,4.1902e-35
0,1.04,2,-2,2.22045e-16,3.91152e-36
0,1.05,2,-2,0,0
0,1.06,2,-2,2.22045e-16,2.18086e-36
0,1.07,2,-2,3.44169e-15,2.52372e-35
0,1.08,2,-2,9.65894e-15,5.28741e-35
0,1.09,2,-2,0,0
0,1.1,2,-2,4.44089e-16,1.35445e-36
0,1.11,2,-2,0,0
0,1.12,2,-2,2.44249e-15,4.14915e-36
0,1.13,2,-2,0,0
0,1.14,2,-2,5.55112e-16,5.25052e-37
0,1.15,2,-2,0,0
0,1.16,2,-2,0,0
0,1.17,2,-2,8.88178e-16,3.48833e-37
0,1.18,2,-2,1.22125e-15,3.57784e-37
0,1.19,2,-2,4.44089e-16,9.70415e-38
0,1.2,2,-2,0,0
0,1.21,2,-2,7.77156e-16,9.4459e-38
0,1.22,2,-2,0,0
0,1.23,2,-2,0,0
0,1.24,2,-2,2.22045e-16,1.11899e-38
0,1.25,2,-2,0,0
0,1.26,2,-2,1.33227e-15,3.73194e-38
0,1.27,2,-2,0,0
0,1.28,2,-2,0,0
0,1.29,2,-2,9.99201e-16,1.15939e-38
0,1.3,2,-2,0,0
0,1.31,2,-2,0,0
0,1.32,2,-2,1.11022e-15,5.33315e-39
0,1.33,2,-2,0,0
0,1.34,2,-2,2.22045e-16,5.92317e-40
0,1.35,2,-2,1.11022e-15,2.20677e-39
0,1.36,2,-2,0,0
0,1.37,2,-2,1.11022e-15,1.22505e-39
0,1.38,2,-2,7.77156e-16,6.38873e-40
0,1.39,2,-2,1.55431e-15,9.51886e-40
0,1.4,2,-2,0,0
0,1.41,2,-2,0,0
0,1.42,2,-2,0,0
0,1.43,2,-2,0,0
0,1.44,2,-2,0,0
0,1.45,2,-2,1.33227e-15,1.39322e-40
0,1.46,2,-2,1.66533e-15,1.29694e-40
0,1.47,2,-2,0,0
0,1.48,2,-2,0,0
0,1.49,2,-2,0,0
0,1.5,2,-2,1.44329e-15,3.45563e-41
0,1.51,2,-2,0,0
0,1.52,2,-2,0,0
0,1.53,2,-2,6.66134e-16,6.58187e-42
0,1.54,2,-2,8.88178e-16,6.53314e-42
0,1.55,2,-2,2.66454e-15,1.45901e-41
0,1.56,2,-2,1.11022e-16,4.52527e-43
0,1.57,2,-2,0,0
0,1.58,2,-2,0,0
0,1.59,2,-2,8.88178e-16,1.49287e-42
0,1.6,2,-2,0,0
0,1.61,2,-2,0,0
0,1.62,2,-2,0,0
0,1.63,2,-2,0,0
0,1.64,2,-2,0,0
0,1.65,2,-2,0,0
0,1.66,2,-2,8.88178e-16,1.88697e-43
0,1.67,2,-2,1.66533e-15,2.63256e-43
0,1.68,2,-2,1.9762e-14,2.32437e-42
0,1.69,2,-2,0,0
0,1.7,2,-2,1.55431e-15,1.01196e-43
0,1.71,2,-2,4.44089e-16,2.15102e-44
0,1.72,2,-2,3.9968e-15,1.44021e-43
0,1.73,2,-2,8.88178e-16,2.38086e-44
0,1.74,2,-2,1.11022e-16,2.21387e-45
0,1.75,2,-2,0,0
0,1.76,2,-2,5.9952e-15,6.61482e-44
0,1.77,2,-2,1.11022e-15,9.1115e-45
0,1.78,2,-2,2.22045e-16,1.35541e-45
0,1.79,2,-2,0,0
0,1.8,2,-2,0,0
0,1.81,2,-2,1.66533e-15,4.1822e-45
0,1.82,2,-2,0,0
0,1.83,2,-2,1.11022e-15,1.54204e-45
0,1.84,2,-2,3.33067e-16,3.44023e-46
0,1.85,2,-2,0,0
0,1.86,2,-2,2.22045e-16,1.26824e-46
0,1.87,2,-2,0,0
0,1.88,2,-2,0,0
0,1.89,2,-2,4.44089e-16,1.04278e-46
0,1.9,2,-2,0,0
0,1.91,2,-2,1.11022e-16,1.44117e-47
0,1.92,2,-2,6.66134e-16,6.42892e-47
0,1.93,2,-2,1.77636e-15,1.27458e-46
0,1.94,2,-2,3.33067e-16,1.77671e-47
0,1.95,2,-2,0,0
0,1.96,2,-2,0,0
0,1.97,2,-2,-nan,-nan
0,1.98,2,-2,-nan,-nan
0,1.99,2,-2,-nan,-nan
0,0.01,2,-1,1.11022e-16,2.76823e-22
0,0.02,2,-1,0,0
0,0.03,2,-1,0,0
0,0.04,2,-1,0,0
0,0.05,2,-1,1.11022e-16,4.13727e-22
0,0.06,2,-1,2.22045e-16,7.34306e-22
0,0.07,2,-1,7.77156e-15,2.21747e-20
0,0.08,2,-1,5.55112e-16,1.33874e-21
0,0.09,2,-1,0,0
0,0.1,2,-1,0,0
0,0.11,2,-1,2.22045e-16,2.97868e-22
0,0.12,2,-1,6.10623e-15,6.60908e-21
0,0.13,2,-1,3.9968e-15,3.4661e-21
0,0.14,2,-1,1.37668e-14,9.50922e-21
0,0.15,2,-1,1.88738e-15,1.03309e-21
0,0.16,2,-1,0,0
0,0.17,2,-1,0,0
0,0.18,2,-1,1.11022e-16,2.95037e-23
0,0.19,2,-1,0,0
0,0.2,2,-1,6.66134e-16,1.07595e-22
0,0.21,2,-1,3.88578e-15,4.8742e-22
0,0.22,2,-1,2.9976e-15,2.91344e-22
0,0.23,2,-1,1.11022e-15,8.34357e-23
0,0.24,2,-1,0,0
0,0.25,2,-1,7.77156e-16,3.47273e-23
0,0.26,2,-1,0,0
0,0.27,2,-1,5.66214e-15,1.49477e-22
0,0.28,2,-1,1.11022e-16,2.24804e-24
0,0.29,2,-1,4.44089e-16,6.88825e-24
0,0.3,2,-1,0,0
0,0.31,2,-1,0,0
0,0.32,2,-1,0,0
0,0.33,2,-1,1.11022e-15,5.86385e-24
0,0.34,2,-1,0,0
0,0.35,2,-1,0,0
0,0.36,2,-1,0,0
0,0.37,2,-1,2.33147e-15,4.13151e-24
0,0.38,2,-1,3.77476e-15,5.08106e-24
0,0.39,2,-1,0,0
0,0.4,2,-1,9.99201e-16,7.74468e-25
0,0.41,2,-1,0,0
0,0.42,2,-1,0,0
0,0.43,2,-1,1.68088e-13,5.66643e-23
0,0.44,2,-1,2.22045e-16,5.66503e-26
0,0.45,2,-1,0,0
0,0.46,2,-1,0,0
0,0.47,2,-1,0,0
0,0.48,2,-1,2.22045e-15,1.84931e-25
0,0.49,2,-1,5.9952e-15,3.76992e-25
0,0.5,2,-1,0,0
0,0.51,2,-1,0,0
0,0.52,2,-1,3.9968e-15,1.0791e-25
0,0.53,2,-1,8.88178e-16,1.8077e-26
0,0.54,2,-1,3.66374e-15,5.61918e-26
0,0.55,2,-1,0,0
0,0.56,2,-1,1.88738e-14,1.64214e-25
0,0.57,2,-1,5.55112e-16,3.636e-27
0,0.58,2,-1,3.77476e-15,1.86076e-26
0,0.59,2,-1,0,0
0,0.6,2,-1,4.66294e-15,1.30075e-26
0,0.61,2,-1,0,0
0,0.62,2,-1,1.4988e-14,2.36335e-26
0,0.63,2,-1,0,0
0,0.64,2,-1,0,0
0,0.65,2,-1,0,0
0,0.66,2,-1,5.55112e-16,2.78827e-28
0,0.67,2,-1,0,0
0,0.68,2,-1,1.77636e-15,5.02873e-28
0,0.69,2,-1,1.22125e-15,2.59463e-28
0,0.7,2,-1,2.62013e-14,4.17685e-27
0,0.71,2,-1,0,0
0,0.72,2,-1,0,0
0,0.73,2,-1,0,0
0,0.74,2,-1,2.63123e-14,1.3269e-27
0,0.75,2,-1,9.88098e-15,3.73519e-28
0,0.76,2,-1,1.77636e-15,5.03268e-29
0,0.77,2,-1,0,0
0,0.78,2,-1,0,0
0,0.79,2,-1,0,0
0,0.8,2,-1,0,0
0,0.81,2,-1,0,0
0,0.82,2,-1,0,0
0,0.83,2,-1,2.77556e-15,1.03972e-29
0,0.84,2,-1,4.44089e-15,1.24521e-29
0,0.85,2,-1,2.77556e-15,5.8246e-30
0,0.86,2,-1,0,0
0,0.87,2,-1,4.10783e-15,4.82656e-30
0,0.88,2,-1,0,0
0,0.89,2,-1,0,0
0,0.9,2,-1,0,0
0,0.91,2,-1,4.996e-15,1.83734e-30
0,0.92,2,-1,8.88178e-16,2.4424e-31
0,0.93,2,-1,9.99201e-16,2.05433e-31
0,0.94,2,-1,0,0
0,0.95,2,-1,0,0
0,0.96,2,-1,2.10942e-15,1.81127e-31
0,0.97,2,-1,1.22125e-15,7.83658e-32
0,0.98,2,-1,1.55431e-15,7.45283e-32
0,0.99,2,-1,0,0
0,1,2,-1,3.33067e-16,8.91451e-33
0,1.01,2,-1,3.21965e-15,6.43725e-32
0,1.02,2,-1,2.22045e-16,3.31601e-33
0,1.03,2,-1,5.55112e-16,6.19152e-33
0,1.04,2,-1,1.9984e-15,1.66456e-32
0,1.05,2,-1,0,0
0,1.06,2,-1,0,0
0,1.07,2,-1,4.44089e-16,1.53976e-33
0,1.08,2,-1,4.66294e-15,1.20694e-32
0,1.09,2,-1,2.22045e-15,4.29016e-33
0,1.1,2,-1,0,0
0,1.11,2,-1,1.25455e-14,1.35029e-32
0,1.12,2,-1,4.88498e-15,3.92375e-33
0,1.13,2,-1,0,0
0,1.14,2,-1,0,0
0,1.15,2,-1,6.66134e-16,2.22277e-34
0,1.16,2,-1,0,0
0,1.17,2,-1,3.44169e-15,6.39148e-34
0,1.18,2,-1,0,0
0,1.19,2,-1,0,0
0,1.2,2,-1,4.44089e-16,3.42223e-35
0,1.21,2,-1,0,0
0,1.22,2,-1,0,0
0,1.23,2,-1,1.88738e-15,6.03164e-35
0,1.24,2,-1,4.05231e-14,9.65608e-34
0,1.25,2,-1,9.99201e-16,1.77518e-35
0,1.26,2,-1,3.33067e-15,4.41151e-35
0,1.27,2,-1,1.11022e-16,1.09623e-36
0,1.28,2,-1,0,0
0,1.29,2,-1,0,0
0,1.3,2,-1,0,0
0,1.31,2,-1,2.22045e-16,6.76736e-37
0,1.32,2,-1,0,0
0,1.33,2,-1,7.77156e-16,1.31546e-36
0,1.34,2,-1,9.99201e-16,1.26032e-36
0,1.35,2,-1,1.11022e-15,1.04345e-36
0,1.36,2,-1,1.11022e-15,7.77464e-37
0,1.37,2,-1,0,0
0,1.38,2,-1,1.44329e-15,5.61013e-37
0,1.39,2,-1,0,0
0,1.4,2,-1,9.99201e-16,2.15541e-37
0,1.41,2,-1,0,0
0,1.42,2,-1,1.66533e-15,1.99319e-37
0,1.43,2,-1,1.9984e-15,1.78148e-37
0,1.44,2,-1,1.15463e-14,7.66609e-37
0,1.45,2,-1,0,0
0,1.46,2,-1,0,0
0,1.47,2,-1,0,0
0,1.48,2,-1,0,0
0,1.49,2,-1,0,0
0,1.5,2,-1,3.33067e-16,3.77066e-39
0,1.51,2,-1,0,0
0,1.52,2,-1,0,0
0,1.53,2,-1,0,0
0,1.54,2,-1,3.33067e-16,1.15842e-39
0,1.55,2,-1,3.33067e-15,8.62345e-39
0,1.56,2,-1,4.21885e-15,8.13095e-39
0,1.57,2,-1,2.9976e-15,4.30032e-39
0,1.58,2,-1,2.22045e-16,2.37099e-40
0,1.59,2,-1,0,0
0,1.6,2,-1,1.11022e-16,6.56706e-41
0,1.61,2,-1,7.77156e-16,3.42121e-40
0,1.62,2,-1,0,0
0,1.63,2,-1,0,0
0,1.64,2,-1,2.22045e-16,4.0285e-41
0,1.65,2,-1,0,0
0,1.66,2,-1,4.44089e-16,4.46115e-41
0,1.67,2,-1,6.66134e-16,4.9791e-41
0,1.68,2,-1,0,0
0,1.69,2,-1,0,0
0,1.7,2,-1,0,0
0,1.71,2,-1,0,0
0,1.72,2,-1,5.55112e-16,9.45812e-42
0,1.73,2,-1,3.33067e-16,4.22161e-42
0,1.74,2,-1,4.44089e-16,4.18721e-42
0,1.75,2,-1,9.99201e-16,7.0081e-42
0,1.76,2,-1,0,0
0,1.77,2,-1,0,0
0,1.78,2,-1,6.66134e-16,1.92267e-42
0,1.79,2,-1,9.99201e-16,2.14503e-42
0,1.8,2,-1,0,0
0,1.81,2,-1,2.22045e-16,2.63667e-43
0,1.82,2,-1,0,0
0,1.83,2,-1,0,0
0,1.84,2,-1,0,0
0,1.85,2,-1,0,0
0,1.86,2,-1,2.22045e-15,5.99671e-43
0,1.87,2,-1,0,0
0,1.88,2,-1,6.66134e-16,9.94692e-44
0,1.89,2,-1,3.33067e-15,3.698e-43
0,1.9,2,-1,0,0
0,1.91,2,-1,0,0
0,1.92,2,-1,8.88178e-16,4.05312e-44
0,1.93,2,-1,1.33227e-15,4.52003e-44
0,1.94,2,-1,3.40838e-14,8.59701e-43
0,1.95,2,-1,0,0
0,1.96,2,-1,0,0
0,1.97,2,-1,-nan,-nan
0,1.98,2,-1,-nan,-nan
0,1.99,2,-1,-nan,-nan
0,0.01,2,0,0,0
0,0.02,2,0,7.77156e-16,2.98742e-18
0,0.03,2,0,0,0
0,0.04,2,0,6.66134e-16,1.81088e-18
0,0.05,2,0,1.11022e-16,2.51111e-19
0,0.06,2,0,0,0
0,0.07,2,0,1.11022e-16,1.70375e-19
0,0.08,2,0,1.11022e-16,1.39027e-19
0,0.09,2,0,0,0
0,0.1,2,0,2.22045e-16,1.8202e-19
0,0.11,2,0,0,0
0,0.12,2,0,1.88738e-15,9.92456e-19
0,0.13,2,0,0,0
0,0.14,2,0,0,0
0,0.15,2,0,0,0
0,0.16,2,0,0,0
0,0.17,2,0,1.11022e-16,1.79201e-20
0,0.18,2,0,0,0
0,0.19,2,0,0,0
0,0.2,2,0,9.99201e-16,7.64958e-20
0,0.21,2,0,0,0
0,0.22,2,0,0,0
0,0.23,2,0,0,0
0,0.24,2,0,0,0
0,0.25,2,0,0,0
0,0.26,2,0,3.33067e-16,5.4152e-21
0,0.27,2,0,1.44329e-15,1.80214e-20
0,0.28,2,0,0,0
0,0.29,2,0,1.44329e-15,1.0587e-20
0,0.3,2,0,5.55112e-16,3.11537e-21
0,0.31,2,0,0,0
0,0.32,2,0,0,0
0,0.33,2,0,0,0
0,0.34,2,0,8.88178e-16,1.69033e-21
0,0.35,2,0,0,0
0,0.36,2,0,0,0
0,0.37,2,0,0,0
0,0.38,2,0,0,0
0,0.39,2,0,5.55112e-16,2.68193e-22
0,0.4,2,0,0,0
0,0.41,2,0,0,0
0,0.42,2,0,5.55112e-16,1.16854e-22
0,0.43,2,0,8.88178e-16,1.41575e-22
0,0.44,2,0,0,0
0,0.45,2,0,0,0
0,0.46,2,0,1.9984e-15,1.37871e-22
0,0.47,2,0,0,0
0,0.48,2,0,0,0
0,0.49,2,0,1.77636e-15,5.28167e-23
0,0.5,2,0,7.77156e-16,1.74392e-23
0,0.51,2,0,1.55431e-15,2.63125e-23
0,0.52,2,0,0,0
0,0.53,2,0,6.55032e-15,6.30378e-23
0,0.54,2,0,0,0
0,0.55,2,0,0,0
0,0.56,2,0,5.55112e-16,2.28373e-24
0,0.57,2,0,0,0
0,0.58,2,0,0,0
0,0.59,2,0,0,0
0,0.6,2,0,0,0
0,0.61,2,0,0,0
0,0.62,2,0,1.33227e-15,9.93316e-25
0,0.63,2,0,7.54952e-15,4.23028e-24
0,0.64,2,0,2.10942e-15,8.88091e-25
0,0.65,2,0,1.11022e-16,3.51109e-26
0,0.66,2,0,0,0
0,0.67,2,0,8.88178e-16,1.58381e-25
0,0.68,2,0,0,0
0,0.69,2,0,0,0
0,0.7,2,0,0,0
0,0.71,2,0,6.55032e-15,3.70396e-25
0,0.72,2,0,0,0
0,0.73,2,0,0,0
0,0.74,2,0,5.10703e-15,1.21775e-25
0,0.75,2,0,1.25455e-14,2.2424e-25
0,0.76,2,0,0,0
0,0.77,2,0,9.99201e-16,1.00304e-26
0,0.78,2,0,2.39808e-14,1.80358e-25
0,0.79,2,0,6.66134e-16,3.75293e-27
0,0.8,2,0,4.10783e-15,1.73336e-26
0,0.81,2,0,0,0
0,0.82,2,0,1.9984e-15,4.72817e-27
0,0.83,2,0,0,0
0,0.84,2,0,0,0
0,0.85,2,0,0,0
0,0.86,2,0,0,0
0,0.87,2,0,0,0
0,0.88,2,0,2.9976e-15,1.24589e-27
0,0.89,2,0,7.66054e-15,2.38165e-27
0,0.9,2,0,1.22125e-15,2.83974e-28
0,0.91,2,0,5.55112e-16,9.65293e-29
0,0.92,2,0,3.03091e-13,3.94097e-26
0,0.93,2,0,0,0
0,0.94,2,0,0,0
0,0.95,2,0,0,0
0,0.96,2,0,8.99281e-15,3.65113e-28
0,0.97,2,0,3.10862e-15,9.43202e-29
0,0.98,2,0,2.33147e-15,5.28597e-29
0,0.99,2,0,0,0
0,1,2,0,3.66374e-15,4.63663e-29
0,1.01,2,0,3.03091e-14,2.86535e-28
0,1.02,2,0,3.21965e-15,2.27351e-29
0,1.03,2,0,0,0
0,1.04,2,0,0,0
0,1.05,2,0,0,0
0,1.06,2,0,1.73195e-14,3.80318e-29
0,1.07,2,0,1.66533e-15,2.73021e-30
0,1.08,2,0,5.66214e-15,6.92978e-30
0,1.09,2,0,1.88738e-15,1.72427e-30
0,1.1,2,0,0,0
0,1.11,2,0,5.88418e-15,2.99459e-30
0,1.12,2,0,1.9984e-15,7.58987e-31
0,1.13,2,0,0,0
0,1.14,2,0,5.55112e-16,1.17389e-31
0,1.15,2,0,5.55112e-16,8.75841e-32
0,1.16,2,0,6.66134e-16,7.841e-32
0,1.17,2,0,0,0
0,1.18,2,0,3.30846e-14,2.16705e-30
0,1.19,2,0,4.21885e-15,2.06114e-31
0,1.2,2,0,0,0
0,1.21,2,0,2.77556e-15,7.54242e-32
0,1.22,2,0,9.99201e-16,2.02485e-32
0,1.23,2,0,1.33227e-15,2.01317e-32
0,1.24,2,0,0,0
0,1.25,2,0,5.77316e-15,4.84972e-32
0,1.26,2,0,4.24105e-14,2.65608e-31
0,1.27,2,0,7.77156e-16,3.62839e-33
0,1.28,2,0,0,0
0,1.29,2,0,0,0
0,1.3,2,0,1.11022e-16,2.14669e-34
0,1.31,2,0,0,0
0,1.32,2,0,0,0
0,1.33,2,0,9.99201e-16,7.99713e-34
0,1.34,2,0,0,0
0,1.35,2,0,0,0
0,1.36,2,0,0,0
0,1.37,2,0,0,0
0,1.38,2,0,5.55112e-16,1.02026e-34
0,1.39,2,0,0,0
0,1.4,2,0,0,0
0,1.41,2,0,3.33067e-16,2.53056e-35
0,1.42,2,0,4.44089e-16,2.51322e-35
0,1.43,2,0,9.99201e-16,4.21177e-35
0,1.44,2,0,2.33147e-15,7.31935e-35
0,1.45,2,0,0,0
0,1.46,2,0,0,0
0,1.47,2,0,0,0
0,1.48,2,0,0,0
0,1.49,2,0,0,0
0,1.5,2,0,4.44089e-16,2.37722e-36
0,1.51,2,0,4.44089e-16,1.76994e-36
0,1.52,2,0,5.55112e-16,1.64718e-36
0,1.53,2,0,1.22125e-15,2.69784e-36
0,1.54,2,0,1.22125e-15,2.0084e-36
0,1.55,2,0,0,0
0,1.56,2,0,1.22125e-15,1.11292e-36
0,1.57,2,0,2.22045e-15,1.50619e-36
0,1.58,2,0,0,0
0,1.59,2,0,0,0
0,1.6,2,0,0,0
0,1.61,2,0,0,0
0,1.62,2,0,0,0
0,1.63,2,0,1.55431e-15,1.79182e-37
0,1.64,2,0,1.88738e-15,1.6191e-37
0,1.65,2,0,3.33067e-16,2.12614e-38
0,1.66,2,0,9.99201e-16,4.74616e-38
0,1.67,2,0,0,0
0,1.68,2,0,0,0
0,1.69,2,0,6.66134e-16,1.3033e-38
0,1.7,2,0,0,0
0,1.71,2,0,5.55112e-16,6.01147e-39
0,1.72,2,0,2.10942e-15,1.69942e-38
0,1.73,2,0,0,0
0,1.74,2,0,0,0
0,1.75,2,0,0,0
0,1.76,2,0,0,0
0,1.77,2,0,1.77636e-15,3.25938e-39
0,1.78,2,0,0,0
0,1.79,2,0,0,0
0,1.8,2,0,6.66134e-16,5.02897e-40
0,1.81,2,0,0,0
0,1.82,2,0,7.77156e-16,3.24515e-40
0,1.83,2,0,1.88738e-15,5.86097e-40
0,1.84,2,0,0,0
0,1.85,2,0,0,0
0,1.86,2,0,1.08802e-14,1.38938e-39
0,1.87,2,0,8.88178e-16,8.43372e-41
0,1.88,2,0,0,0
0,1.89,2,0,6.66134e-16,3.49711e-41
0,1.9,2,0,0,0
0,1.91,2,0,1.33227e-15,3.86652e-41
0,1.92,2,0,1.22125e-15,2.63514e-41
0,1.93,2,0,0,0
0,1.94,2,0,1.22125e-15,1.45651e-41
0,1.95,2,0,0,0
0,1.96,2,0,0,0
0,1.97,2,0,-nan,-nan
0,1.98,2,0,-nan,-nan
0,1.99,2,0,-nan,-nan
0,0.01,2,1,0,-0
0,0.02,2,1,4.44089e-16,-1.41907e-18
0,0.03,2,1,0,-0
0,0.04,2,1,0,-0
0,0.05,2,1,0,-0
0,0.06,2,1,0,-0
0,0.07,2,1,7.77156e-16,-8.81211e-18
0,0.08,2,1,0,-0
0,0.09,2,1,4.44089e-16,-6.57094e-18
0,0.1,2,1,2.22045e-15,-3.69342e-17
0,0.11,2,1,0,-0
0,0.12,2,1,0,-0
0,0.13,2,1,0,-0
0,0.14,2,1,0,-0
0,0.15,2,1,1.33227e-15,-3.95141e-17
0,0.16,2,1,9.99201e-16,-3.45601e-17
0,0.17,2,1,4.44089e-16,-1.86756e-17
0,0.18,2,1,1.11022e-16,-6.14214e-18
0,0.19,2,1,0,-0
0,0.2,2,1,0,-0
0,0.21,2,1,0,0
0,0.22,2,1,0,0
0,0.23,2,1,0,0
0,0.24,2,1,3.9968e-15,7.84667e-17
0,0.25,2,1,5.55112e-16,7.40521e-18
0,0.26,2,1,8.88178e-16,8.38196e-18
0,0.27,2,1,1.11022e-15,7.59621e-18
0,0.28,2,1,0,0
0,0.29,2,1,1.77636e-15,6.66064e-18
0,0.3,2,1,0,0
0,0.31,2,1,0,0
0,0.32,2,1,0,0
0,0.33,2,1,0,0
0,0.34,2,1,9.99201e-16,9.1433e-19
0,0.35,2,1,9.99201e-16,6.93088e-19
0,0.36,2,1,1.88738e-15,9.92723e-19
0,0.37,2,1,0,0
0,0.38,2,1,0,0
0,0.39,2,1,0,0
0,0.4,2,1,0,0
0,0.41,2,1,0,0
0,0.42,2,1,0,0
0,0.43,2,1,1.22125e-15,9.21467e-20
0,0.44,2,1,0,0
0,0.45,2,1,0,0
0,0.46,2,1,4.44089e-16,1.44932e-20
0,0.47,2,1,6.88338e-15,1.69743e-19
0,0.48,2,1,6.10623e-15,1.13729e-19
0,0.49,2,1,0,0
0,0.5,2,1,3.10862e-15,3.29882e-20
0,0.51,2,1,0,0
0,0.52,2,1,0,0
0,0.53,2,1,1.20126e-13,5.46654e-19
0,0.54,2,1,1.11022e-16,3.80716e-22
0,0.55,2,1,0,0
0,0.56,2,1,0,0
0,0.57,2,1,7.10543e-15,1.04056e-20
0,0.58,2,1,3.33067e-16,3.67082e-22
0,0.59,2,1,9.10383e-15,7.54889e-21
0,0.6,2,1,9.99201e-16,6.23182e-22
0,0.61,2,1,0,0
0,0.62,2,1,8.54872e-15,3.01378e-21
0,0.63,2,1,0,0
0,0.64,2,1,8.21565e-15,1.63549e-21
0,0.65,2,1,0,0
0,0.66,2,1,8.88178e-16,9.97424e-23
0,0.67,2,1,3.33067e-16,2.80832e-23
0,0.68,2,1,7.77156e-16,4.91883e-23
0,0.69,2,1,8.43769e-15,4.00795e-22
0,0.7,2,1,0,0
0,0.71,2,1,1.14353e-14,3.05748e-22
0,0.72,2,1,8.88178e-16,1.78113e-23
0,0.73,2,1,0,0
0,0.74,2,1,0,0
0,0.75,2,1,4.21885e-15,3.56559e-23
0,0.76,2,1,4.21885e-15,2.67232e-23
0,0.77,2,1,0,0
0,0.78,2,1,0,0
0,0.79,2,1,1.44329e-15,3.84482e-24
0,0.8,2,1,0,0
0,0.81,2,1,0,0
0,0.82,2,1,2.33147e-15,2.60827e-24
0,0.83,2,1,0,0
0,0.84,2,1,4.88498e-15,3.06239e-24
0,0.85,2,1,1.11022e-16,5.20897e-26
0,0.86,2,1,4.88498e-15,1.7151e-24
0,0.87,2,1,4.21885e-15,1.10827e-24
0,0.88,2,1,2.66454e-15,5.23649e-25
0,0.89,2,1,0,0
0,0.9,2,1,0,0
0,0.91,2,1,2.22045e-16,1.82571e-26
0,0.92,2,1,1.33227e-15,8.19094e-26
0,0.93,2,1,5.60663e-14,2.57717e-24
0,0.94,2,1,0,0
0,0.95,2,1,0,0
0,0.96,2,1,3.55271e-15,6.82031e-26
0,0.97,2,1,0,0
0,0.98,2,1,0,0
0,0.99,2,1,1.90958e-14,1.52954e-25
0,1,2,1,0,0
0,1.01,2,1,0,0
0,1.02,2,1,0,0
0,1.03,2,1,0,0
0,1.04,2,1,0,0
0,1.05,2,1,0,0
0,1.06,2,1,7.99361e-15,8.29979e-27
0,1.07,2,1,9.88098e-15,7.65962e-27
0,1.08,2,1,0,0
0,1.09,2,1,0,0
0,1.1,2,1,2.22045e-16,7.15929e-29
0,1.11,2,1,1.88738e-15,4.54176e-28
0,1.12,2,1,7.54952e-15,1.35576e-27
0,1.13,2,1,1.54321e-14,2.06802e-27
0,1.14,2,1,2.10942e-15,2.10923e-28
0,1.15,2,1,3.33067e-16,2.48479e-29
0,1.16,2,1,0,0
0,1.17,2,1,0,0
0,1.18,2,1,1.11022e-15,3.43848e-29
0,1.19,2,1,0,0
0,1.2,2,1,0,0
0,1.21,2,1,0,0
0,1.22,2,1,0,0
0,1.23,2,1,1.9984e-15,1.42786e-29
0,1.24,2,1,0,0
0,1.25,2,1,2.10942e-15,8.37876e-30
0,1.26,2,1,1.9984e-15,5.91785e-30
0,1.27,2,1,0,0
0,1.28,2,1,3.44169e-15,5.66372e-30
0,1.29,2,1,0,0
0,1.3,2,1,0,0
0,1.31,2,1,1.9984e-15,1.36172e-30
0,1.32,2,1,2.33147e-15,1.18397e-30
0,1.33,2,1,0,0
0,1.34,2,1,8.88178e-16,2.50468e-31
0,1.35,2,1,0,0
0,1.36,2,1,1.9984e-15,3.1288e-31
0,1.37,2,1,1.34337e-14,1.56703e-30
0,1.38,2,1,2.80886e-14,2.44104e-30
0,1.39,2,1,2.33147e-15,1.50943e-31
0,1.4,2,1,0,0
0,1.41,2,1,7.77156e-16,2.79194e-32
0,1.42,2,1,4.44089e-16,1.18834e-32
0,1.43,2,1,2.33147e-15,4.6468e-32
0,1.44,2,1,0,0
0,1.45,2,1,0,0
0,1.46,2,1,0,0
0,1.47,2,1,1.77636e-15,1.08907e-32
0,1.48,2,1,0,0
0,1.49,2,1,0,0
0,1.5,2,1,0,0
0,1.51,2,1,0,0
0,1.52,2,1,0,0
0,1.53,2,1,0,0
0,1.54,2,1,8.88178e-16,6.90653e-34
0,1.55,2,1,0,0
0,1.56,2,1,6.66134e-16,2.87034e-34
0,1.57,2,1,0,0
0,1.58,2,1,4.44089e-16,1.06019e-34
0,1.59,2,1,0,0
0,1.6,2,1,2.10942e-15,2.78965e-34
0,1.61,2,1,3.33067e-16,3.27815e-35
0,1.62,2,1,9.99201e-16,7.31886e-35
0,1.63,2,1,3.33067e-16,1.81551e-35
0,1.64,2,1,5.55112e-16,2.25169e-35
0,1.65,2,1,9.99201e-16,3.01596e-35
0,1.66,2,1,5.75096e-14,1.29164e-33
0,1.67,2,1,8.88178e-16,1.48428e-35
0,1.68,2,1,0,0
0,1.69,2,1,0,0
0,1.7,2,1,1.9984e-15,1.37545e-35
0,1.71,2,1,3.10862e-15,1.59177e-35
0,1.72,2,1,0,0
0,1.73,2,1,3.33067e-16,9.43851e-37
0,1.74,2,1,0,0
0,1.75,2,1,1.22125e-15,1.91503e-36
0,1.76,2,1,1.33227e-15,1.55397e-36
0,1.77,2,1,0,0
0,1.78,2,1,4.44089e-16,2.86575e-37
0,1.79,2,1,0,0
0,1.8,2,1,0,0
0,1.81,2,1,0,0
0,1.82,2,1,5.55112e-16,1.09602e-37
0,1.83,2,1,0,0
0,1.84,2,1,0,0
0,1.85,2,1,0,0
0,1.86,2,1,1.88738e-15,1.13961e-37
0,1.87,2,1,0,0
0,1.88,2,1,3.55271e-15,1.18608e-37
0,1.89,2,1,0,0
0,1.9,2,1,1.77636e-15,3.27859e-38
0,1.91,2,1,1.44329e-15,1.98059e-38
0,1.92,2,1,0,0
0,1.93,2,1,0,0
0,1.94,2,1,0,0
0,1.95,2,1,0,0
0,1.96,2,1,0,0
0,1.97,2,1,-nan,-nan
0,1.98,2,1,-nan,-nan
0,1.99,2,1,-nan,-nan
0,0.01,2,2,0,-0
0,0.02,2,2,0,-0
0,0.03,2,2,3.33067e-16,-1.59029e-18
0,0.04,2,2,7.77156e-16,-4.9476e-18
0,0.05,2,2,0,-0
0,0.06,2,2,2.22045e-16,-2.12043e-18
0,0.07,2,2,0,-0
0,0.08,2,2,6.66134e-16,-8.4819e-18
0,0.09,2,2,1.25455e-14,-1.79713e-16
0,0.1,2,2,6.66134e-16,-1.06028e-17
0,0.11,2,2,1.11022e-15,-1.94391e-17
0,0.12,2,2,0,-0
0,0.13,2,2,0,-0
0,0.14,2,2,0,-0
0,0.15,2,2,1.11022e-15,-2.65156e-17
0,0.16,2,2,0,-0
0,0.17,2,2,0,-0
0,0.18,2,2,0,-0
0,0.19,2,2,1.11022e-16,-3.36189e-18
0,0.2,2,2,2.22045e-16,-7.0811e-18
0,0.21,2,2,6.66134e-16,-2.23201e-17
0,0.22,2,2,0,-0
0,0.23,2,2,9.99201e-16,-3.67457e-17
0,0.24,2,2,1.66533e-15,-6.40099e-17
0,0.25,2,2,0,-0
0,0.26,2,2,2.88658e-15,-1.20823e-16
0,0.27,2,2,0,-0
0,0.28,2,2,6.66134e-16,-3.03163e-17
0,0.29,2,2,0,-0
0,0.3,2,2,0,-0
0,0.31,2,2,5.55112e-16,-2.88738e-17
0,0.32,2,2,0,-0
0,0.33,2,2,7.77156e-16,-4.50552e-17
0,0.34,2,2,1.66533e-15,-1.03247e-16
0,0.35,2,2,0,-0
0,0.36,2,2,0,-0
0,0.37,2,2,1.9984e-15,-1.71632e-16
0,0.38,2,2,0,-0
0,0.39,2,2,0,-0
0,0.4,2,2,1.11022e-16,-3.16871e-17
0,0.41,2,2,0,0
0,0.42,2,2,1.11022e-15,1.76569e-16
0,0.43,2,2,0,0
0,0.44,2,2,0,0
0,0.45,2,2,0,0
0,0.46,2,2,5.55112e-16,1.08479e-17
0,0.47,2,2,5.55112e-16,7.66491e-18
0,0.48,2,2,0,0
0,0.49,2,2,0,0
0,0.5,2,2,0,0
0,0.51,2,2,0,0
0,0.52,2,2,1.11022e-16,3.28201e-19
0,0.53,2,2,4.88498e-15,1.07857e-17
0,0.54,2,2,1.11022e-15,1.83471e-18
0,0.55,2,2,0,0
0,0.56,2,2,1.55431e-15,1.44455e-18
0,0.57,2,2,6.66134e-16,4.64805e-19
0,0.58,2,2,4.44089e-16,2.32739e-19
0,0.59,2,2,0,0
0,0.6,2,2,4.32987e-15,1.28083e-18
0,0.61,2,2,0,0
0,0.62,2,2,1.22125e-15,2.03919e-19
0,0.63,2,2,0,0
0,0.64,2,2,0,0
0,0.65,2,2,3.33067e-16,2.3566e-20
0,0.66,2,2,0,0
0,0.67,2,2,0,0
0,0.68,2,2,8.88178e-16,2.6588e-20
0,0.69,2,2,1.32117e-14,2.96795e-19
0,0.7,2,2,1.55431e-15,2.6198e-20
0,0.71,2,2,0,0
0,0.72,2,2,0,0
0,0.73,2,2,4.32987e-15,3.07896e-20
0,0.74,2,2,3.10862e-15,1.65731e-20
0,0.75,2,2,3.10862e-15,1.24232e-20
0,0.76,2,2,2.22045e-15,6.65056e-21
0,0.77,2,2,3.33067e-16,7.4753e-22
0,0.78,2,2,1.9984e-15,3.36036e-21
0,0.79,2,2,3.33067e-16,4.19537e-22
0,0.8,2,2,0,0
0,0.81,2,2,0,0
0,0.82,2,2,5.44009e-15,2.87769e-21
0,0.83,2,2,0,0
0,0.84,2,2,3.21965e-15,9.54375e-22
0,0.85,2,2,2.22045e-16,4.92601e-23
0,0.86,2,2,0,0
0,0.87,2,2,4.44089e-15,5.51613e-22
0,0.88,2,2,2.54241e-14,2.36253e-21
0,0.89,2,2,0,0
0,0.9,2,2,1.88738e-15,9.81205e-23
0,0.91,2,2,5.55112e-16,2.15816e-23
0,0.92,2,2,0,0
0,0.93,2,2,3.44169e-15,7.48043e-23
0,0.94,2,2,0,0
0,0.95,2,2,0,0
0,0.96,2,2,1.66533e-15,1.51167e-23
0,0.97,2,2,3.66374e-15,2.48534e-23
0,0.98,2,2,0,0
0,0.99,2,2,3.19744e-14,1.21098e-22
0,1,2,2,0,0
0,1.01,2,2,2.22045e-16,4.69321e-25
0,1.02,2,2,1.9984e-15,3.15498e-24
0,1.03,2,2,1.77636e-15,2.09452e-24
0,1.04,2,2,0,0
0,1.05,2,2,3.10862e-15,2.04402e-24
0,1.06,2,2,0,0
0,1.07,2,2,0,0
0,1.08,2,2,5.44009e-14,1.48857e-23
0,1.09,2,2,1.32117e-14,2.69854e-24
0,1.1,2,2,0,0
0,1.11,2,2,0,0
0,1.12,2,2,3.55271e-15,3.01673e-25
0,1.13,2,2,5.55112e-16,3.5174e-26
0,1.14,2,2,0,0
0,1.15,2,2,0,0
0,1.16,2,2,8.88178e-16,2.33741e-26
0,1.17,2,2,0,0
0,1.18,2,2,0,0
0,1.19,2,2,8.32667e-15,9.09514e-26
0,1.2,2,2,0,0
0,1.21,2,2,4.88498e-14,2.96789e-25
0,1.22,2,2,9.99201e-16,4.52707e-27
0,1.23,2,2,5.55112e-16,1.8754e-27
0,1.24,2,2,0,0
0,1.25,2,2,0,0
0,1.26,2,2,1.66533e-15,2.33182e-27
0,1.27,2,2,0,0
0,1.28,2,2,0,0
0,1.29,2,2,4.77396e-15,2.76889e-27
0,1.3,2,2,5.44009e-15,2.35175e-27
0,1.31,2,2,0,0
0,1.32,2,2,9.99201e-16,2.39926e-28
0,1.33,2,2,3.10862e-15,5.56256e-28
0,1.34,2,2,3.33067e-16,4.44116e-29
0,1.35,2,2,0,0
0,1.36,2,2,0,0
0,1.37,2,2,1.11022e-16,6.12356e-30
0,1.38,2,2,0,0
0,1.39,2,2,0,0
0,1.4,2,2,0,0
0,1.41,2,2,8.32667e-15,1.41443e-28
0,1.42,2,2,0,0
0,1.43,2,2,4.44089e-16,4.18511e-30
0,1.44,2,2,5.55112e-16,3.89626e-30
0,1.45,2,2,4.44089e-16,2.32139e-30
0,1.46,2,2,0,0
0,1.47,2,2,1.11022e-16,3.21845e-31
0,1.48,2,2,0,0
0,1.49,2,2,0,0
0,1.5,2,2,6.66134e-16,7.97234e-31
0,1.51,2,2,0,0
0,1.52,2,2,6.50591e-14,4.31612e-29
0,1.53,2,2,0,0
0,1.54,2,2,0,0
0,1.55,2,2,6.66134e-16,1.82326e-31
0,1.56,2,2,1.22125e-15,2.48822e-31
0,1.57,2,2,1.88738e-15,2.86236e-31
0,1.58,2,2,0,0
0,1.59,2,2,0,0
0,1.6,2,2,6.66134e-16,4.16544e-32
0,1.61,2,2,3.99458e-13,1.85901e-29
0,1.62,2,2,1.66533e-15,5.76773e-32
0,1.63,2,2,1.11022e-16,2.86148e-33
0,1.64,2,2,0,0
0,1.65,2,2,1.11022e-16,1.58451e-33
0,1.66,2,2,0,0
0,1.67,2,2,0,0
0,1.68,2,2,0,0
0,1.69,2,2,1.11022e-16,4.85643e-34
0,1.7,2,2,0,0
0,1.71,2,2,0,0
0,1.72,2,2,5.32907e-15,9.59873e-33
0,1.73,2,2,7.77156e-16,1.04134e-33
0,1.74,2,2,0,0
0,1.75,2,2,9.99201e-16,7.40864e-34
0,1.76,2,2,0,0
0,1.77,2,2,0,0
0,1.78,2,2,5.55112e-16,1.6938e-34
0,1.79,2,2,1.55431e-15,3.52742e-34
0,1.8,2,2,0,0
0,1.81,2,2,0,0
0,1.82,2,2,5.55112e-16,5.18241e-35
0,1.83,2,2,0,0
0,1.84,2,2,0,0
0,1.85,2,2,0,0
0,1.86,2,2,3.33067e-16,9.50917e-36
0,1.87,2,2,2.22045e-16,4.71395e-36
0,1.88,2,2,0,0
0,1.89,2,2,6.66134e-16,7.81871e-36
0,1.9,2,2,3.33067e-16,2.90671e-36
0,1.91,2,2,1.11022e-15,7.20385e-36
0,1.92,2,2,3.10862e-15,1.49967e-35
0,1.93,2,2,0,0
0,1.94,2,2,5.55112e-16,1.48019e-36
0,1.95,2,2,0,0
0,1.96,2,2,0,0
0,1.97,2,2,-nan,-nan
0,1.98,2,2,-nan,-nan
0,1.99,2,2,-nan,-nan
0,0.01,3,-3,6.66134e-16,7.41734e-27
0,0.02,3,-3,0,0
0,0.03,3,-3,0,0
0,0.04,3,-3,2.22045e-16,4.0013e-27
0,0.05,3,-3,1.11022e-16,1.84963e-27
0,0.06,3,-3,0,0
0,0.07,3,-3,0,0
0,0.08,3,-3,7.21645e-15,7.78274e-26
0,0.09,3,-3,0,0
0,0.1,3,-3,0,0
0,0.11,3,-3,0,0
0,0.12,3,-3,6.99441e-15,3.38586e-26
0,0.13,3,-3,0,0
0,0.14,3,-3,2.22045e-15,6.85985e-27
0,0.15,3,-3,1.88738e-15,4.62063e-27
0,0.16,3,-3,0,0
0,0.17,3,-3,5.55112e-16,8.42538e-28
0,0.18,3,-3,5.55112e-16,6.59808e-28
0,0.19,3,-3,0,0
0,0.2,3,-3,1.66533e-15,1.20311e-27
0,0.21,3,-3,9.54792e-15,5.35681e-27
0,0.22,3,-3,1.33227e-15,5.79158e-28
0,0.23,3,-3,0,0
0,0.24,3,-3,0,0
0,0.25,3,-3,0,0
0,0.26,3,-3,0,0
0,0.27,3,-3,4.44089e-16,5.24373e-29
0,0.28,3,-3,0,0
0,0.29,3,-3,0,0
0,0.3,3,-3,0,0
0,0.31,3,-3,0,0
0,0.32,3,-3,1.35447e-14,4.19516e-28
0,0.33,3,-3,6.66134e-16,1.57365e-29
0,0.34,3,-3,2.10942e-15,3.79735e-29
0,0.35,3,-3,1.22125e-15,1.67384e-29
0,0.36,3,-3,1.9984e-15,2.08369e-29
0,0.37,3,-3,7.77156e-16,6.15973e-30
0,0.38,3,-3,3.10862e-15,1.87158e-29
0,0.39,3,-3,0,0
0,0.4,3,-3,6.66134e-16,2.30934e-30
0,0.41,3,-3,0,0
0,0.42,3,-3,7.77156e-16,1.54751e-30
0,0.43,3,-3,0,0
0,0.44,3,-3,0,0
0,0.45,3,-3,0,0
0,0.46,3,-3,0,0
0,0.47,3,-3,0,0
0,0.48,3,-3,6.55032e-15,2.44009e-30
0,0.49,3,-3,2.77556e-15,7.80644e-31
0,0.5,3,-3,0,0
0,0.51,3,-3,8.88178e-16,1.42228e-31
0,0.52,3,-3,0,0
0,0.53,3,-3,4.55191e-15,4.14376e-31
0,0.54,3,-3,2.22045e-16,1.52322e-32
0,0.55,3,-3,3.33067e-16,1.72119e-32
0,0.56,3,-3,2.55351e-15,9.93722e-32
0,0.57,3,-3,8.88178e-16,2.60207e-32
0,0.58,3,-3,0,0
0,0.59,3,-3,3.21965e-15,5.34088e-32
0,0.6,3,-3,6.66134e-15,8.31132e-32
0,0.61,3,-3,0,0
0,0.62,3,-3,4.77396e-15,3.36695e-32
0,0.63,3,-3,0,0
0,0.64,3,-3,0,0
0,0.65,3,-3,2.43139e-14,7.27357e-32
0,0.66,3,-3,5.55112e-16,1.24712e-33
0,0.67,3,-3,1.11022e-16,1.87273e-34
0,0.68,3,-3,0,0
0,0.69,3,-3,0,0
0,0.7,3,-3,0,0
0,0.71,3,-3,6.66134e-16,3.5631e-34
0,0.72,3,-3,0,0
0,0.73,3,-3,0,0
0,0.74,3,-3,4.21885e-15,9.51584e-34
0,0.75,3,-3,2.44249e-15,4.12972e-34
0,0.76,3,-3,2.9976e-15,3.79855e-34
0,0.77,3,-3,7.77156e-16,7.37962e-35
0,0.78,3,-3,1.82077e-14,1.29535e-33
0,0.79,3,-3,0,0
0,0.8,3,-3,5.55112e-16,2.21574e-35
0,0.81,3,-3,8.88178e-16,2.65484e-35
0,0.82,3,-3,0,0
0,0.83,3,-3,5.55112e-16,9.30082e-36
0,0.84,3,-3,0,0
0,0.85,3,-3,9.99201e-16,9.37872e-36
0,0.86,3,-3,0,0
0,0.87,3,-3,1.88738e-15,9.91881e-36
0,0.88,3,-3,7.77156e-16,3.05546e-36
0,0.89,3,-3,2.10942e-15,6.2036e-36
0,0.9,3,-3,0,0
0,0.91,3,-3,1.44329e-15,2.37407e-36
0,0.92,3,-3,0,0
0,0.93,3,-3,2.22045e-16,2.04189e-37
0,0.94,3,-3,0,0
0,0.95,3,-3,4.44089e-16,2.28198e-37
0,0.96,3,-3,0,0
0,0.97,3,-3,0,0
0,0.98,3,-3,0,0
0,0.99,3,-3,7.77156e-16,1.24532e-37
0,1,3,-3,0,0
0,1.01,3,-3,0,0
0,1.02,3,-3,0,0
0,1.03,3,-3,3.33067e-16,1.66159e-38
0,1.04,3,-3,1.77636e-15,6.61794e-38
0,1.05,3,-3,0,0
0,1.06,3,-3,0,0
0,1.07,3,-3,7.77156e-16,1.20522e-38
0,1.08,3,-3,0,0
0,1.09,3,-3,3.21965e-15,2.78238e-38
0,1.1,3,-3,2.55351e-15,1.64709e-38
0,1.11,3,-3,2.22045e-15,1.06894e-38
0,1.12,3,-3,3.29736e-14,1.18462e-37
0,1.13,3,-3,1.11022e-16,2.97638e-40
0,1.14,3,-3,0,0
0,1.15,3,-3,0,0
0,1.16,3,-3,0,0
0,1.17,3,-3,1.08802e-14,9.03734e-39
0,1.18,3,-3,0,0
0,1.19,3,-3,0,0
0,1.2,3,-3,7.77156e-16,2.67869e-40
0,1.21,3,-3,0,0
0,1.22,3,-3,1.9984e-15,3.83075e-40
0,1.23,3,-3,2.40918e-14,3.44367e-39
0,1.24,3,-3,1.46549e-14,1.56191e-39
0,1.25,3,-3,7.77156e-16,6.17552e-41
0,1.26,3,-3,0,0
0,1.27,3,-3,1.33227e-15,5.88382e-41
0,1.28,3,-3,0,0
0,1.29,3,-3,0,0
0,1.3,3,-3,1.88738e-15,3.45208e-41
0,1.31,3,-3,0,0
0,1.32,3,-3,7.77156e-16,7.89532e-42
0,1.33,3,-3,7.77156e-16,5.88372e-42
0,1.34,3,-3,8.88178e-16,5.01074e-42
0,1.35,3,-3,7.77156e-16,3.26695e-42
0,1.36,3,-3,0,0
0,1.37,3,-3,0,0
0,1.38,3,-3,6.66134e-16,1.15812e-42
0,1.39,3,-3,0,0
0,1.4,3,-3,0,0
0,1.41,3,-3,0,0
0,1.42,3,-3,0,0
0,1.43,3,-3,3.10862e-15,1.23949e-42
0,1.44,3,-3,3.33067e-16,9.89091e-44
0,1.45,3,-3,8.88178e-16,1.96433e-43
0,1.46,3,-3,1.66533e-15,2.74287e-43
0,1.47,3,-3,1.66533e-15,2.04256e-43
0,1.48,3,-3,0,0
0,1.49,3,-3,0,0
0,1.5,3,-3,1.66533e-15,8.43262e-44
0,1.51,3,-3,1.77636e-15,6.69702e-44
0,1.52,3,-3,0,0
0,1.53,3,-3,0,0
0,1.54,3,-3,7.77156e-16,1.20897e-44
0,1.55,3,-3,2.22045e-16,2.57137e-45
0,1.56,3,-3,1.11022e-15,9.57045e-45
0,1.57,3,-3,1.11022e-16,7.1238e-46
0,1.58,3,-3,0,0
0,1.59,3,-3,7.23865e-14,2.57316e-43
0,1.6,3,-3,0,0
0,1.61,3,-3,0,0
0,1.62,3,-3,4.44089e-16,6.50744e-46
0,1.63,3,-3,0,0
0,1.64,3,-3,9.99201e-16,8.10832e-46
0,1.65,3,-3,2.33147e-15,1.40784e-45
0,1.66,3,-3,0,0
0,1.67,3,-3,5.55112e-16,1.85586e-46
0,1.68,3,-3,0,0
0,1.69,3,-3,1.11022e-16,2.05473e-47
0,1.7,3,-3,4.66294e-15,6.42052e-46
0,1.71,3,-3,0,0
0,1.72,3,-3,2.22045e-16,1.69215e-47
0,1.73,3,-3,1.22125e-15,6.92348e-47
0,1.74,3,-3,2.5091e-14,1.05815e-45
0,1.75,3,-3,3.55271e-15,1.11451e-46
0,1.76,3,-3,0,0
0,1.77,3,-3,1.22125e-15,2.11968e-47
0,1.78,3,-3,1.11022e-16,1.43327e-48
0,1.79,3,-3,7.77156e-16,7.46215e-48
0,1.8,3,-3,0,0
0,1.81,3,-3,1.11022e-15,5.89659e-48
0,1.82,3,-3,0,0
0,1.83,3,-3,0,0
0,1.84,3,-3,0,0
0,1.85,3,-3,3.33067e-16,5.41045e-49
0,1.86,3,-3,1.27676e-14,1.54225e-47
0,1.87,3,-3,0,0
0,1.88,3,-3,0,0
0,1.89,3,-3,1.9984e-15,9.92415e-49
0,1.9,3,-3,3.33067e-16,1.22981e-49
0,1.91,3,-3,0,0
0,1.92,3,-3,2.22045e-16,4.53215e-50
0,1.93,3,-3,0,0
0,1.94,3,-3,1.33227e-15,1.50302e-49
0,1.95,3,-3,0,0
0,1.96,3,-3,0,0
0,1.97,3,-3,-nan,-nan
0,1.98,3,-3,-nan,-nan
0,1.99,3,-3,-nan,-nan
0,0.01,3,-2,0,0
0,0.02,3,-2,0,0
0,0.03,3,-2,0,0
0,0.04,3,-2,0,0
0,0.05,3,-2,0,0
0,0.06,3,-2,0,0
0,0.07,3,-2,0,0
0,0.08,3,-2,7.77156e-16,3.96305e-24
0,0.09,3,-2,5.55112e-16,2.35537e-24
0,0.1,3,-2,0,0
0,0.11,3,-2,0,0
0,0.12,3,-2,0,0
0,0.13,3,-2,0,0
0,0.14,3,-2,0,0
0,0.15,3,-2,8.88178e-16,1.02815e-24
0,0.16,3,-2,0,0
0,0.17,3,-2,6.66134e-16,4.78061e-25
0,0.18,3,-2,4.44089e-16,2.49586e-25
0,0.19,3,-2,0,0
0,0.2,3,-2,0,0
0,0.21,3,-2,4.44089e-16,1.1781e-25
0,0.22,3,-2,0,0
0,0.23,3,-2,0,0
0,0.24,3,-2,1.44329e-15,1.77039e-25
0,0.25,3,-2,1.44329e-15,1.36396e-25
0,0.26,3,-2,0,0
0,0.27,3,-2,1.11022e-16,6.19859e-27
0,0.28,3,-2,2.66454e-15,1.14104e-25
0,0.29,3,-2,7.77156e-16,2.54938e-26
0,0.3,3,-2,7.77156e-16,1.95057e-26
0,0.31,3,-2,0,0
0,0.32,3,-2,0,0
0,0.33,3,-2,7.21645e-14,8.0609e-25
0,0.34,3,-2,0,0
0,0.35,3,-2,8.88178e-16,5.75604e-27
0,0.36,3,-2,4.58522e-14,2.26059e-25
0,0.37,3,-2,3.21965e-15,1.20663e-26
0,0.38,3,-2,0,0
0,0.39,3,-2,6.66134e-16,1.43946e-27
0,0.4,3,-2,0,0
0,0.41,3,-2,3.84248e-13,4.77506e-25
0,0.42,3,-2,8.88178e-16,8.36251e-28
0,0.43,3,-2,6.66134e-16,4.74922e-28
0,0.44,3,-2,4.22995e-14,2.28236e-26
0,0.45,3,-2,0,0
0,0.46,3,-2,4.77396e-15,1.47313e-27
0,0.47,3,-2,5.9952e-15,1.39802e-27
0,0.48,3,-2,0,0
0,0.49,3,-2,2.55351e-15,3.39589e-28
0,0.5,3,-2,2.22045e-15,2.22861e-28
0,0.51,3,-2,0,0
0,0.52,3,-2,2.66454e-15,1.52145e-28
0,0.53,3,-2,1.11022e-16,4.77886e-30
0,0.54,3,-2,0,0
0,0.55,3,-2,0,0
0,0.56,3,-2,0,0
0,0.57,3,-2,2.19824e-14,3.04513e-28
0,0.58,3,-2,0,0
0,0.59,3,-2,0,0
0,0.6,3,-2,0,0
0,0.61,3,-2,4.10783e-15,1.82228e-29
0,0.62,3,-2,0,0
0,0.63,3,-2,0,0
0,0.64,3,-2,3.17524e-14,5.97922e-29
0,0.65,3,-2,0,0
0,0.66,3,-2,1.22125e-14,1.29731e-29
0,0.67,3,-2,7.77156e-16,6.19848e-31
0,0.68,3,-2,1.68754e-14,1.01034e-29
0,0.69,3,-2,1.11022e-16,4.98851e-32
0,0.7,3,-2,8.77076e-15,2.957e-30
0,0.71,3,-2,1.88738e-15,4.77351e-31
0,0.72,3,-2,3.33067e-16,6.31813e-32
0,0.73,3,-2,0,0
0,0.74,3,-2,2.9976e-15,3.19698e-31
0,0.75,3,-2,0,0
0,0.76,3,-2,0,0
0,0.77,3,-2,0,0
0,0.78,3,-2,0,0
0,0.79,3,-2,5.66214e-15,1.4268e-31
0,0.8,3,-2,0,0
0,0.81,3,-2,0,0
0,0.82,3,-2,6.43929e-15,6.81432e-32
0,0.83,3,-2,4.44089e-16,3.51823e-33
0,0.84,3,-2,1.22125e-15,7.24206e-33
0,0.85,3,-2,0,0
0,0.86,3,-2,1.55431e-15,5.16209e-33
0,0.87,3,-2,0,0
0,0.88,3,-2,7.77156e-16,1.44474e-33
0,0.89,3,-2,0,0
0,0.9,3,-2,0,0
0,0.91,3,-2,0,0
0,0.92,3,-2,1.88738e-15,1.09765e-33
0,0.93,3,-2,0,0
0,0.94,3,-2,1.88738e-15,6.13497e-34
0,0.95,3,-2,0,0
0,0.96,3,-2,0,0
0,0.97,3,-2,1.33227e-15,1.80802e-34
0,0.98,3,-2,0,0
0,0.99,3,-2,6.10623e-15,4.62655e-34
0,1,3,-2,4.77396e-15,2.70229e-34
0,1.01,3,-2,0,0
0,1.02,3,-2,1.55431e-15,4.90909e-35
0,1.03,3,-2,0,0
0,1.04,3,-2,0,0
0,1.05,3,-2,2.22045e-16,2.92083e-36
0,1.06,3,-2,0,0
0,1.07,3,-2,3.9968e-15,2.93077e-35
0,1.08,3,-2,0,0
0,1.09,3,-2,3.55271e-15,1.45171e-35
0,1.1,3,-2,0,0
0,1.11,3,-2,0,0
0,1.12,3,-2,0,0
0,1.13,3,-2,0,0
0,1.14,3,-2,0,0
0,1.15,3,-2,0,0
0,1.16,3,-2,4.44089e-16,2.33806e-37
0,1.17,3,-2,3.33067e-16,1.30812e-37
0,1.18,3,-2,0,0
0,1.19,3,-2,2.33147e-15,5.09468e-37
0,1.2,3,-2,0,0
0,1.21,3,-2,0,0
0,1.22,3,-2,0,0
0,1.23,3,-2,0,0
0,1.24,3,-2,7.77156e-16,3.91646e-38
0,1.25,3,-2,0,0
0,1.26,3,-2,0,0
0,1.27,3,-2,2.33147e-15,4.86867e-38
0,1.28,3,-2,0,0
0,1.29,3,-2,0,0
0,1.3,3,-2,0,0
0,1.31,3,-2,0,0
0,1.32,3,-2,5.44009e-15,2.61325e-38
0,1.33,3,-2,7.43849e-15,2.66282e-38
0,1.34,3,-2,0,0
0,1.35,3,-2,1.9984e-15,3.97219e-39
0,1.36,3,-2,0,0
0,1.37,3,-2,0,0
0,1.38,3,-2,0,0
0,1.39,3,-2,5.55112e-16,3.39959e-40
0,1.4,3,-2,0,0
0,1.41,3,-2,0,0
0,1.42,3,-2,6.32827e-15,1.60184e-39
0,1.43,3,-2,0,0
0,1.44,3,-2,0,0
0,1.45,3,-2,1.22125e-15,1.27712e-40
0,1.46,3,-2,0,0
0,1.47,3,-2,0,0
0,1.48,3,-2,4.44089e-16,1.91781e-41
0,1.49,3,-2,6.66134e-16,2.14203e-41
0,1.5,3,-2,1.22125e-15,2.924e-41
0,1.51,3,-2,2.22045e-16,3.95826e-42
0,1.52,3,-2,2.77556e-15,3.68371e-41
0,1.53,3,-2,0,0
0,1.54,3,-2,1.55431e-15,1.1433e-41
0,1.55,3,-2,1.44329e-15,7.90298e-42
0,1.56,3,-2,0,0
0,1.57,3,-2,0,0
0,1.58,3,-2,0,0
0,1.59,3,-2,0,0
0,1.6,3,-2,1.55431e-15,1.9444e-42
0,1.61,3,-2,0,0
0,1.62,3,-2,0,0
0,1.63,3,-2,0,0
0,1.64,3,-2,6.66134e-16,2.55595e-43
0,1.65,3,-2,3.33067e-16,9.5097e-44
0,1.66,3,-2,5.55112e-16,1.17935e-43
0,1.67,3,-2,0,0
0,1.68,3,-2,0,0
0,1.69,3,-2,0,0
0,1.7,3,-2,0,0
0,1.71,3,-2,6.66134e-16,3.22653e-44
0,1.72,3,-2,1.22125e-15,4.40063e-44
0,1.73,3,-2,0,0
0,1.74,3,-2,0,0
0,1.75,3,-2,0,0
0,1.76,3,-2,1.22125e-15,1.34746e-44
0,1.77,3,-2,0,0
0,1.78,3,-2,5.55112e-16,3.38853e-45
0,1.79,3,-2,9.99201e-16,4.5365e-45
0,1.8,3,-2,0,0
0,1.81,3,-2,0,0
0,1.82,3,-2,0,0
0,1.83,3,-2,2.22045e-16,3.08408e-46
0,1.84,3,-2,0,0
0,1.85,3,-2,0,0
0,1.86,3,-2,0,0
0,1.87,3,-2,0,0
0,1.88,3,-2,0,0
0,1.89,3,-2,0,0
0,1.9,3,-2,5.55112e-16,9.69169e-47
0,1.91,3,-2,1.33227e-15,1.7294e-46
0,1.92,3,-2,3.10862e-15,3.00016e-46
0,1.93,3,-2,0,0
0,1.94,3,-2,0,0
0,1.95,3,-2,0,0
0,1.96,3,-2,0,0
0,1.97,3,-2,-nan,-nan
0,1.98,3,-2,-nan,-nan
0,1.99,3,-2,-nan,-nan
0,0.01,3,-1,0,0
0,0.02,3,-1,1.11022e-16,4.09317e-22
0,0.03,3,-1,2.22045e-16,9.07934e-22
0,0.04,3,-1,1.11022e-16,4.4758e-22
0,0.05,3,-1,0,0
0,0.06,3,-1,0,0
0,0.07,3,-1,8.77076e-15,2.50257e-20
0,0.08,3,-1,0,0
0,0.09,3,-1,8.88178e-16,1.78218e-21
0,0.1,3,-1,0,0
0,0.11,3,-1,3.33067e-16,4.46802e-22
0,0.12,3,-1,0,0
0,0.13,3,-1,0,0
0,0.14,3,-1,1.11022e-15,7.66873e-22
0,0.15,3,-1,2.22045e-16,1.2154e-22
0,0.16,3,-1,0,0
0,0.17,3,-1,1.44329e-15,4.89771e-22
0,0.18,3,-1,0,0
0,0.19,3,-1,0,0
0,0.2,3,-1,4.44089e-16,7.17301e-23
0,0.21,3,-1,6.99441e-15,8.77355e-22
0,0.22,3,-1,0,0
0,0.23,3,-1,5.9952e-15,4.50553e-22
0,0.24,3,-1,1.11022e-16,6.43931e-24
0,0.25,3,-1,0,0
0,0.26,3,-1,5.55112e-16,1.90801e-23
0,0.27,3,-1,0,0
0,0.28,3,-1,2.22045e-16,4.49608e-24
0,0.29,3,-1,3.10862e-15,4.82177e-23
0,0.3,3,-1,0,0
0,0.31,3,-1,6.66134e-16,6.04189e-24
0,0.32,3,-1,0,0
0,0.33,3,-1,0,0
0,0.34,3,-1,0,0
0,0.35,3,-1,0,0
0,0.36,3,-1,0,0
0,0.37,3,-1,0,0
0,0.38,3,-1,0,0
0,0.39,3,-1,2.88658e-15,2.94941e-24
0,0.4,3,-1,3.33067e-16,2.58156e-25
0,0.41,3,-1,0,0
0,0.42,3,-1,2.66454e-15,1.18624e-24
0,0.43,3,-1,0,0
0,0.44,3,-1,0,0
0,0.45,3,-1,0,0
0,0.46,3,-1,0,0
0,0.47,3,-1,1.58762e-14,1.75052e-24
0,0.48,3,-1,2.33147e-15,1.94177e-25
0,0.49,3,-1,0,0
0,0.5,3,-1,2.66454e-14,1.26453e-24
0,0.51,3,-1,0,0
0,0.52,3,-1,0,0
0,0.53,3,-1,7.77156e-16,1.58174e-26
0,0.54,3,-1,0,0
0,0.55,3,-1,5.55112e-16,6.41361e-27
0,0.56,3,-1,0,0
0,0.57,3,-1,1.08802e-14,7.12656e-26
0,0.58,3,-1,0,0
0,0.59,3,-1,0,0
0,0.6,3,-1,1.0103e-14,2.81829e-26
0,0.61,3,-1,0,0
0,0.62,3,-1,1.85407e-14,2.92355e-26
0,0.63,3,-1,4.44089e-16,5.26268e-28
0,0.64,3,-1,7.32747e-15,6.52432e-27
0,0.65,3,-1,0,0
0,0.66,3,-1,2.22045e-16,1.11531e-28
0,0.67,3,-1,3.21965e-15,1.21422e-27
0,0.68,3,-1,5.55112e-16,1.57148e-28
0,0.69,3,-1,1.67644e-14,3.56172e-27
0,0.7,3,-1,3.21965e-15,5.13257e-28
0,0.71,3,-1,8.88178e-16,1.06216e-28
0,0.72,3,-1,0,0
0,0.73,3,-1,4.55191e-15,3.06168e-28
0,0.74,3,-1,0,0
0,0.75,3,-1,0,0
0,0.76,3,-1,5.55112e-16,1.57271e-29
0,0.77,3,-1,8.88178e-16,1.88561e-29
0,0.78,3,-1,0,0
0,0.79,3,-1,0,0
0,0.8,3,-1,2.03171e-14,1.81312e-28
0,0.81,3,-1,5.55112e-16,3.70975e-30
0,0.82,3,-1,0,0
0,0.83,3,-1,0,0
0,0.84,3,-1,3.9968e-15,1.12069e-29
0,0.85,3,-1,0,0
0,0.86,3,-1,2.18714e-14,3.4346e-29
0,0.87,3,-1,1.66533e-15,1.95671e-30
0,0.88,3,-1,0,0
0,0.89,3,-1,0,0
0,0.9,3,-1,0,0
0,0.91,3,-1,1.55431e-15,5.71616e-31
0,0.92,3,-1,0,0
0,0.93,3,-1,8.88178e-16,1.82607e-31
0,0.94,3,-1,0,0
0,0.95,3,-1,0,0
0,0.96,3,-1,0,0
0,0.97,3,-1,0,0
0,0.98,3,-1,0,0
0,0.99,3,-1,0,0
0,1,3,-1,0,0
0,1.01,3,-1,0,0
0,1.02,3,-1,1.11022e-15,1.658e-32
0,1.03,3,-1,0,0
0,1.04,3,-1,2.44249e-14,2.03447e-31
0,1.05,3,-1,0,0
0,1.06,3,-1,0,0
0,1.07,3,-1,1.44329e-15,5.00421e-33
0,1.08,3,-1,1.95399e-14,5.05766e-32
0,1.09,3,-1,0,0
0,1.1,3,-1,0,0
0,1.11,3,-1,0,0
0,1.12,3,-1,0,0
0,1.13,3,-1,2.33147e-15,1.39744e-33
0,1.14,3,-1,0,0
0,1.15,3,-1,3.33067e-15,1.11138e-33
0,1.16,3,-1,0,0
0,1.17,3,-1,9.99201e-16,1.85559e-34
0,1.18,3,-1,0,0
0,1.19,3,-1,0,0
0,1.2,3,-1,8.10463e-15,6.24557e-34
0,1.21,3,-1,3.77476e-15,2.16939e-34
0,1.22,3,-1,8.88178e-16,3.80651e-35
0,1.23,3,-1,0,0
0,1.24,3,-1,0,0
0,1.25,3,-1,4.44089e-16,7.88971e-36
0,1.26,3,-1,0,0
0,1.27,3,-1,0,0
0,1.28,3,-1,0,0
0,1.29,3,-1,0,0
0,1.3,3,-1,1.22125e-15,4.99401e-36
0,1.31,3,-1,0,0
0,1.32,3,-1,0,0
0,1.33,3,-1,0,0
0,1.34,3,-1,2.55351e-15,3.22081e-36
0,1.35,3,-1,2.55351e-15,2.39993e-36
0,1.36,3,-1,2.10942e-15,1.47718e-36
0,1.37,3,-1,0,0
0,1.38,3,-1,2.44249e-15,9.49406e-37
0,1.39,3,-1,2.22045e-16,6.42983e-38
0,1.4,3,-1,0,0
0,1.41,3,-1,1.33227e-15,2.14074e-37
0,1.42,3,-1,1.11022e-15,1.32879e-37
0,1.43,3,-1,7.77156e-16,6.92799e-38
0,1.44,3,-1,0,0
0,1.45,3,-1,0,0
0,1.46,3,-1,2.33147e-15,8.58537e-38
0,1.47,3,-1,0,0
0,1.48,3,-1,0,0
0,1.49,3,-1,1.66533e-15,2.53209e-38
0,1.5,3,-1,2.22045e-16,2.51378e-39
0,1.51,3,-1,0,0
0,1.52,3,-1,1.11022e-15,6.9672e-39
0,1.53,3,-1,0,0
0,1.54,3,-1,0,0
0,1.55,3,-1,3.9968e-15,1.03481e-38
0,1.56,3,-1,0,0
0,1.57,3,-1,3.33067e-16,4.77813e-40
0,1.58,3,-1,4.44089e-16,4.74197e-40
0,1.59,3,-1,0,0
0,1.6,3,-1,2.22045e-16,1.31341e-40
0,1.61,3,-1,0,0
0,1.62,3,-1,0,0
0,1.63,3,-1,0,0
0,1.64,3,-1,0,0
0,1.65,3,-1,0,0
0,1.66,3,-1,3.33067e-16,3.34586e-41
0,1.67,3,-1,1.33227e-15,9.9582e-41
0,1.68,3,-1,0,0
0,1.69,3,-1,0,0
0,1.7,3,-1,3.33067e-16,1.02534e-41
0,1.71,3,-1,0,0
0,1.72,3,-1,7.43849e-15,1.26739e-40
0,1.73,3,-1,5.55112e-16,7.03602e-42
0,1.74,3,-1,0,0
0,1.75,3,-1,5.55112e-16,3.89339e-42
0,1.76,3,-1,1.88738e-15,9.8466e-42
0,1.77,3,-1,0,0
0,1.78,3,-1,9.99201e-16,2.88401e-42
0,1.79,3,-1,2.22045e-16,4.76674e-43
0,1.8,3,-1,1.11022e-16,1.77262e-43
0,1.81,3,-1,1.9984e-15,2.373e-42
0,1.82,3,-1,0,0
0,1.83,3,-1,1.03251e-14,6.78095e-42
0,1.84,3,-1,0,0
0,1.85,3,-1,0,0
0,1.86,3,-1,1.66533e-15,4.49754e-43
0,1.87,3,-1,6.66134e-16,1.33773e-43
0,1.88,3,-1,0,0
0,1.89,3,-1,4.44089e-16,4.93067e-44
0,1.9,3,-1,2.22045e-16,1.83304e-44
0,1.91,3,-1,2.22045e-15,1.36288e-43
0,1.92,3,-1,0,0
0,1.93,3,-1,0,0
0,1.94,3,-1,0,0
0,1.95,3,-1,0,0
0,1.96,3,-1,4.18701e-06,5.83668e-35
0,1.97,3,-1,-nan,-nan
0,1.98,3,-1,-nan,-nan
0,1.99,3,-1,-nan,-nan
0,0.01,3,0,2.22045e-16,1.0038e-18
0,0.02,3,0,7.77156e-16,2.98742e-18
0,0.03,3,0,0,0
0,0.04,3,0,0,0
0,0.05,3,0,0,0
0,0.06,3,0,0,0
0,0.07,3,0,1.11022e-16,1.70375e-19
0,0.08,3,0,0,0
0,0.09,3,0,1.11022e-16,1.12791e-19
0,0.1,3,0,0,0
0,0.11,3,0,2.22045e-16,1.46127e-19
0,0.12,3,0,3.10862e-15,1.63463e-18
0,0.13,3,0,2.66454e-15,1.11465e-18
0,0.14,3,0,0,0
0,0.15,3,0,0,0
0,0.16,3,0,0,0
0,0.17,3,0,1.11022e-16,1.79201e-20
0,0.18,3,0,0,0
0,0.19,3,0,0,0
0,0.2,3,0,0,0
0,0.21,3,0,8.88178e-16,5.27725e-20
0,0.22,3,0,2.22045e-16,1.02177e-20
0,0.23,3,0,2.22045e-16,7.89797e-21
0,0.24,3,0,0,0
0,0.25,3,0,7.99361e-15,1.68985e-19
0,0.26,3,0,0,0
0,0.27,3,0,2.22045e-16,2.77252e-21
0,0.28,3,0,0,0
0,0.29,3,0,6.66134e-16,4.88632e-21
0,0.3,3,0,4.44089e-16,2.4923e-21
0,0.31,3,0,0,0
0,0.32,3,0,1.33227e-15,4.36251e-21
0,0.33,3,0,1.66533e-15,4.15918e-21
0,0.34,3,0,3.33067e-16,6.33872e-22
0,0.35,3,0,1.04361e-14,1.51216e-20
0,0.36,3,0,0,0
0,0.37,3,0,0,0
0,0.38,3,0,2.77556e-15,1.76658e-21
0,0.39,3,0,0,0
0,0.4,3,0,0,0
0,0.41,3,0,0,0
0,0.42,3,0,1.55431e-15,3.27191e-22
0,0.43,3,0,1.11022e-16,1.76969e-23
0,0.44,3,0,0,0
0,0.45,3,0,2.22045e-15,2.02619e-22
0,0.46,3,0,1.11022e-16,7.65948e-24
0,0.47,3,0,3.44169e-15,1.79434e-22
0,0.48,3,0,0,0
0,0.49,3,0,0,0
0,0.5,3,0,0,0
0,0.51,3,0,0,0
0,0.52,3,0,3.55271e-15,4.53547e-23
0,0.53,3,0,0,0
0,0.54,3,0,0,0
0,0.55,3,0,2.22045e-16,1.21304e-24
0,0.56,3,0,1.66533e-15,6.8512e-24
0,0.57,3,0,0,0
0,0.58,3,0,1.44329e-15,3.36409e-24
0,0.59,3,0,1.56541e-14,2.74519e-23
0,0.6,3,0,0,0
0,0.61,3,0,2.33147e-15,2.31238e-24
0,0.62,3,0,0,0
0,0.63,3,0,0,0
0,0.64,3,0,5.55112e-16,2.33708e-25
0,0.65,3,0,0,0
0,0.66,3,0,0,0
0,0.67,3,0,0,0
0,0.68,3,0,3.10862e-15,4.16111e-25
0,0.69,3,0,8.88178e-15,8.92248e-25
0,0.7,3,0,0,0
0,0.71,3,0,0,0
0,0.72,3,0,0,0
0,0.73,3,0,0,0
0,0.74,3,0,1.0103e-14,2.40903e-25
0,0.75,3,0,0,0
0,0.76,3,0,1.44329e-15,1.93346e-26
0,0.77,3,0,0,0
0,0.78,3,0,0,0
0,0.79,3,0,0,0
0,0.8,3,0,0,0
0,0.81,3,0,0,0
0,0.82,3,0,1.66533e-15,3.94014e-27
0,0.83,3,0,0,0
0,0.84,3,0,6.66134e-16,8.83173e-28
0,0.85,3,0,1.22125e-15,1.2118e-27
0,0.86,3,0,4.44089e-15,3.29749e-27
0,0.87,3,0,8.65974e-15,4.81109e-27
0,0.88,3,0,0,0
0,0.89,3,0,0,0
0,0.9,3,0,3.55271e-15,8.26105e-28
0,0.91,3,0,0,0
0,0.92,3,0,0,0
0,0.93,3,0,7.66054e-15,7.44713e-28
0,0.94,3,0,1.18794e-14,8.63322e-28
0,0.95,3,0,0,0
0,0.96,3,0,3.10862e-15,1.26212e-28
0,0.97,3,0,8.65974e-15,2.62749e-28
0,0.98,3,0,5.80647e-14,1.31646e-27
0,0.99,3,0,3.88578e-15,6.58245e-29
0,1,3,0,3.44169e-15,4.35563e-29
0,1.01,3,0,0,0
0,1.02,3,0,4.36318e-14,3.08099e-28
0,1.03,3,0,0,0
0,1.04,3,0,0,0
0,1.05,3,0,6.88338e-15,2.02438e-29
0,1.06,3,0,0,0
0,1.07,3,0,2.55351e-15,4.18632e-30
0,1.08,3,0,3.77476e-15,4.61985e-30
0,1.09,3,0,0,0
0,1.1,3,0,3.9968e-15,2.7254e-30
0,1.11,3,0,3.19744e-14,1.62725e-29
0,1.12,3,0,0,0
0,1.13,3,0,1.11022e-15,3.14649e-31
0,1.14,3,0,0,0
0,1.15,3,0,6.66134e-16,1.05101e-31
0,1.16,3,0,0,0
0,1.17,3,0,0,0
0,1.18,3,0,0,0
0,1.19,3,0,0,0
0,1.2,3,0,0,0
0,1.21,3,0,1.11022e-14,3.01697e-31
0,1.22,3,0,4.21885e-15,8.54935e-32
0,1.23,3,0,0,0
0,1.24,3,0,1.11022e-16,1.25089e-33
0,1.25,3,0,0,0
0,1.26,3,0,1.33227e-15,8.34372e-33
0,1.27,3,0,1.44329e-15,6.73844e-33
0,1.28,3,0,0,0
0,1.29,3,0,0,0
0,1.3,3,0,3.33067e-16,6.44008e-34
0,1.31,3,0,1.11022e-15,1.59993e-33
0,1.32,3,0,0,0
0,1.33,3,0,2.33147e-15,1.866e-33
0,1.34,3,0,1.55431e-15,9.26995e-34
0,1.35,3,0,0,0
0,1.36,3,0,5.55112e-16,1.83807e-34
0,1.37,3,0,0,0
0,1.38,3,0,4.26326e-14,7.83562e-33
0,1.39,3,0,1.55431e-15,2.12819e-34
0,1.4,3,0,0,0
0,1.41,3,0,0,0
0,1.42,3,0,0,0
0,1.43,3,0,4.44089e-16,1.8719e-35
0,1.44,3,0,0,0
0,1.45,3,0,0,0
0,1.46,3,0,2.22045e-15,3.86618e-35
0,1.47,3,0,1.66533e-15,2.1593e-35
0,1.48,3,0,0,0
0,1.49,3,0,3.33067e-16,2.39453e-36
0,1.5,3,0,0,0
0,1.51,3,0,3.33067e-16,1.32746e-36
0,1.52,3,0,1.22125e-15,3.62379e-36
0,1.53,3,0,1.11022e-15,2.45258e-36
0,1.54,3,0,0,0
0,1.55,3,0,0,0
0,1.56,3,0,0,0
0,1.57,3,0,4.44089e-16,3.01238e-37
0,1.58,3,0,0,0
0,1.59,3,0,0,0
0,1.6,3,0,0,0
0,1.61,3,0,2.22045e-16,4.62194e-38
0,1.62,3,0,0,0
0,1.63,3,0,0,0
0,1.64,3,0,0,0
0,1.65,3,0,0,0
0,1.66,3,0,0,0
0,1.67,3,0,1.44329e-15,5.10101e-38
0,1.68,3,0,0,0
0,1.69,3,0,0,0
0,1.7,3,0,0,0
0,1.71,3,0,0,0
0,1.72,3,0,1.33227e-15,1.07332e-38
0,1.73,3,0,0,0
0,1.74,3,0,1.11022e-15,4.94968e-39
0,1.75,3,0,0,0
0,1.76,3,0,0,0
0,1.77,3,0,0,0
0,1.78,3,0,0,0
0,1.79,3,0,0,0
0,1.8,3,0,2.22045e-16,1.67632e-40
0,1.81,3,0,1.77636e-15,9.97376e-40
0,1.82,3,0,0,0
0,1.83,3,0,0,0
0,1.84,3,0,0,0
0,1.85,3,0,0,0
0,1.86,3,0,9.99201e-16,1.27596e-40
0,1.87,3,0,1.88738e-15,1.79217e-40
0,1.88,3,0,0,0
0,1.89,3,0,0,0
0,1.9,3,0,0,0
0,1.91,3,0,7.77156e-16,2.25547e-41
0,1.92,3,0,0,0
0,1.93,3,0,6.66134e-16,1.06862e-41
0,1.94,3,0,3.33067e-16,3.97231e-42
0,1.95,3,0,0,0
0,1.96,3,0,0,0
0,1.97,3,0,-nan,-nan
0,1.98,3,0,-nan,-nan
0,1.99,3,0,-nan,-nan
0,0.01,3,1,0,-0
0,0.02,3,1,1.22125e-15,-3.90243e-18
0,0.03,3,1,0,-0
0,0.04,3,1,0,-0
0,0.05,3,1,0,-0
0,0.06,3,1,0,-0
0,0.07,3,1,0,-0
0,0.08,3,1,0,-0
0,0.09,3,1,4.44089e-16,-6.57094e-18
0,0.1,3,1,0,-0
0,0.11,3,1,0,-0
0,0.12,3,1,1.66533e-15,-3.4531e-17
0,0.13,3,1,2.22045e-16,-5.14297e-18
0,0.14,3,1,0,-0
0,0.15,3,1,0,-0
0,0.16,3,1,8.88178e-16,-3.07201e-17
0,0.17,3,1,4.44089e-16,-1.86756e-17
0,0.18,3,1,0,-0
0,0.19,3,1,0,-0
0,0.2,3,1,0,-0
0,0.21,3,1,1.11022e-16,1.93498e-17
0,0.22,3,1,0,0
0,0.23,3,1,2.88658e-15,8.96514e-17
0,0.24,3,1,0,0
0,0.25,3,1,9.99201e-16,1.33294e-17
0,0.26,3,1,0,0
0,0.27,3,1,0,0
0,0.28,3,1,3.33067e-15,1.67832e-17
0,0.29,3,1,2.22045e-16,8.3258e-19
0,0.3,3,1,0,0
0,0.31,3,1,0,0
0,0.32,3,1,0,0
0,0.33,3,1,2.44249e-15,2.95058e-18
0,0.34,3,1,0,0
0,0.35,3,1,8.88178e-16,6.16078e-19
0,0.36,3,1,0,0
0,0.37,3,1,0,0
0,0.38,3,1,4.44089e-16,1.34316e-19
0,0.39,3,1,0,0
0,0.4,3,1,0,0
0,0.41,3,1,3.33067e-16,4.38441e-20
0,0.42,3,1,1.11022e-16,1.10671e-20
0,0.43,3,1,0,0
0,0.44,3,1,2.22045e-16,1.2676e-20
0,0.45,3,1,0,0
0,0.46,3,1,5.55112e-16,1.81165e-20
0,0.47,3,1,5.9952e-15,1.4784e-19
0,0.48,3,1,3.33067e-16,6.20342e-21
0,0.49,3,1,0,0
0,0.5,3,1,3.9968e-15,4.24134e-20
0,0.51,3,1,0,0
0,0.52,3,1,0,0
0,0.53,3,1,5.55112e-16,2.52613e-21
0,0.54,3,1,7.77156e-16,2.66502e-21
0,0.55,3,1,4.44089e-16,1.14718e-21
0,0.56,3,1,0,0
0,0.57,3,1,0,0
0,0.58,3,1,0,0
0,0.59,3,1,5.21805e-15,4.3268e-21
0,0.6,3,1,3.66374e-15,2.285e-21
0,0.61,3,1,2.33147e-15,1.09339e-21
0,0.62,3,1,0,0
0,0.63,3,1,1.88738e-15,5.0006e-22
0,0.64,3,1,7.77156e-16,1.54709e-22
0,0.65,3,1,5.88418e-15,8.79895e-22
0,0.66,3,1,0,0
0,0.67,3,1,0,0
0,0.68,3,1,1.22125e-15,7.72959e-23
0,0.69,3,1,0,0
0,0.7,3,1,4.44089e-16,1.58279e-23
0,0.71,3,1,0,0
0,0.72,3,1,0,0
0,0.73,3,1,0,0
0,0.74,3,1,5.32907e-15,6.00835e-23
0,0.75,3,1,0,0
0,0.76,3,1,1.11022e-15,7.03242e-24
0,0.77,3,1,1.22125e-15,5.79668e-24
0,0.78,3,1,0,0
0,0.79,3,1,5.55112e-16,1.47878e-24
0,0.8,3,1,3.10862e-15,6.20237e-24
0,0.81,3,1,0,0
0,0.82,3,1,1.55431e-14,1.73884e-23
0,0.83,3,1,0,0
0,0.84,3,1,3.66374e-15,2.29679e-24
0,0.85,3,1,3.33067e-16,1.56269e-25
0,0.86,3,1,3.25295e-14,1.1421e-23
0,0.87,3,1,7.10543e-15,1.86656e-24
0,0.88,3,1,0,0
0,0.89,3,1,8.9373e-14,1.31382e-23
0,0.9,3,1,0,0
0,0.91,3,1,2.22045e-16,1.82571e-26
0,0.92,3,1,9.99201e-16,6.14321e-26
0,0.93,3,1,1.22125e-15,5.61365e-26
0,0.94,3,1,3.88578e-15,1.33527e-25
0,0.95,3,1,0,0
0,0.96,3,1,1.77636e-15,3.41016e-26
0,0.97,3,1,1.11022e-15,1.59279e-26
0,0.98,3,1,0,0
0,0.99,3,1,1.06581e-14,8.53696e-26
0,1,3,1,1.11022e-15,6.64357e-27
0,1.01,3,1,9.99201e-16,4.46653e-27
0,1.02,3,1,1.33227e-15,4.44828e-27
0,1.03,3,1,0,0
0,1.04,3,1,0,0
0,1.05,3,1,2.10942e-15,2.93337e-27
0,1.06,3,1,5.10703e-15,5.30265e-27
0,1.07,3,1,1.62093e-14,1.25652e-26
0,1.08,3,1,5.88418e-15,3.40516e-27
0,1.09,3,1,0,0
0,1.1,3,1,0,0
0,1.11,3,1,7.77156e-15,1.87013e-27
0,1.12,3,1,5.88418e-15,1.0567e-27
0,1.13,3,1,6.10623e-15,8.1828e-28
0,1.14,3,1,0,0
0,1.15,3,1,0,0
0,1.16,3,1,0,0
0,1.17,3,1,0,0
0,1.18,3,1,4.44089e-16,1.37539e-29
0,1.19,3,1,3.33067e-16,7.69408e-30
0,1.2,3,1,2.10942e-15,3.63436e-29
0,1.21,3,1,0,0
0,1.22,3,1,0,0
0,1.23,3,1,0,0
0,1.24,3,1,0,0
0,1.25,3,1,1.9984e-15,7.93777e-30
0,1.26,3,1,6.66134e-16,1.97262e-30
0,1.27,3,1,0,0
0,1.28,3,1,0,0
0,1.29,3,1,0,0
0,1.3,3,1,2.10942e-15,1.92857e-30
0,1.31,3,1,5.02931e-14,3.42699e-29
0,1.32,3,1,0,0
0,1.33,3,1,0,0
0,1.34,3,1,0,0
0,1.35,3,1,0,0
0,1.36,3,1,0,0
0,1.37,3,1,0,0
0,1.38,3,1,5.55112e-16,4.82419e-32
0,1.39,3,1,0,0
0,1.4,3,1,0,0
0,1.41,3,1,1.66533e-15,5.98274e-32
0,1.42,3,1,6.66134e-16,1.78252e-32
0,1.43,3,1,0,0
0,1.44,3,1,0,0
0,1.45,3,1,2.22045e-16,2.45474e-33
0,1.46,3,1,1.11022e-16,9.1404e-34
0,1.47,3,1,1.33227e-15,8.168e-33
0,1.48,3,1,7.77156e-16,3.54798e-33
0,1.49,3,1,0,0
0,1.5,3,1,1.19904e-14,3.03491e-32
0,1.51,3,1,0,0
0,1.52,3,1,2.10942e-15,2.95963e-33
0,1.53,3,1,0,0
0,1.54,3,1,4.44089e-16,3.45326e-34
0,1.55,3,1,0,0
0,1.56,3,1,0,0
0,1.57,3,1,0,0
0,1.58,3,1,0,0
0,1.59,3,1,0,0
0,1.6,3,1,1.55431e-15,2.05553e-34
0,1.61,3,1,1.33227e-15,1.31126e-34
0,1.62,3,1,0,0
0,1.63,3,1,0,0
0,1.64,3,1,0,0
0,1.65,3,1,1.11022e-15,3.35107e-35
0,1.66,3,1,0,0
0,1.67,3,1,8.88178e-16,1.48428e-35
0,1.68,3,1,0,0
0,1.69,3,1,3.33067e-16,3.08124e-36
0,1.7,3,1,0,0
0,1.71,3,1,0,0
0,1.72,3,1,0,0
0,1.73,3,1,0,0
0,1.74,3,1,1.66533e-15,3.5106e-36
0,1.75,3,1,0,0
0,1.76,3,1,0,0
0,1.77,3,1,0,0
0,1.78,3,1,1.44329e-15,9.3137e-37
0,1.79,3,1,0,0
0,1.8,3,1,0,0
0,1.81,3,1,0,0
0,1.82,3,1,0,0
0,1.83,3,1,0,0
0,1.84,3,1,2.04281e-14,2.2306e-36
0,1.85,3,1,2.22045e-15,1.80299e-37
0,1.86,3,1,0,0
0,1.87,3,1,8.88178e-16,3.98779e-38
0,1.88,3,1,0,0
0,1.89,3,1,0,0
0,1.9,3,1,4.44089e-16,8.19648e-39
0,1.91,3,1,0,0
0,1.92,3,1,0,0
0,1.93,3,1,0,0
0,1.94,3,1,0,0
0,1.95,3,1,0,0
0,1.96,3,1,0,0
0,1.97,3,1,-nan,-nan
0,1.98,3,1,-nan,-nan
0,1.99,3,1,-nan,-nan
0,0.01,3,2,4.44089e-16,-7.06794e-19
0,0.02,3,2,0,-0
0,0.03,3,2,2.22045e-16,-1.0602e-18
0,0.04,3,2,0,-0
0,0.05,3,2,3.33067e-16,-2.65052e-18
0,0.06,3,2,0,-0
0,0.07,3,2,1.11022e-16,-1.23693e-18
0,0.08,3,2,1.11022e-15,-1.41365e-17
0,0.09,3,2,0,-0
0,0.1,3,2,1.88738e-15,-3.00413e-17
0,0.11,3,2,3.33067e-16,-5.83174e-18
0,0.12,3,2,7.77156e-16,-1.48451e-17
0,0.13,3,2,1.77636e-15,-3.67614e-17
0,0.14,3,2,0,-0
0,0.15,3,2,1.11022e-16,-2.65156e-18
0,0.16,3,2,0,-0
0,0.17,3,2,1.44329e-15,-3.90796e-17
0,0.18,3,2,0,-0
0,0.19,3,2,0,-0
0,0.2,3,2,3.33067e-16,-1.06216e-17
0,0.21,3,2,0,-0
0,0.22,3,2,0,-0
0,0.23,3,2,0,-0
0,0.24,3,2,0,-0
0,0.25,3,2,2.77556e-15,-1.11374e-16
0,0.26,3,2,7.77156e-16,-3.25294e-17
0,0.27,3,2,0,-0
0,0.28,3,2,0,-0
0,0.29,3,2,0,-0
0,0.3,3,2,1.44329e-15,-7.16384e-17
0,0.31,3,2,0,-0
0,0.32,3,2,0,-0
0,0.33,3,2,9.99201e-16,-5.79281e-17
0,0.34,3,2,0,-0
0,0.35,3,2,5.55112e-16,-3.73434e-17
0,0.36,3,2,5.66214e-15,-4.22689e-16
0,0.37,3,2,0,-0
0,0.38,3,2,3.33067e-15,-3.50329e-16
0,0.39,3,2,0,-0
0,0.4,3,2,2.22045e-16,-6.33741e-17
0,0.41,3,2,0,0
0,0.42,3,2,1.11022e-16,1.76569e-17
0,0.43,3,2,0,0
0,0.44,3,2,0,0
0,0.45,3,2,8.88178e-16,2.53381e-17
0,0.46,3,2,4.66294e-15,9.11222e-17
0,0.47,3,2,3.33067e-16,4.59895e-18
0,0.48,3,2,0,0
0,0.49,3,2,0,0
0,0.5,3,2,4.44089e-16,2.37792e-18
0,0.51,3,2,0,0
0,0.52,3,2,0,0
0,0.53,3,2,0,0
0,0.54,3,2,1.22125e-15,2.01819e-18
0,0.55,3,2,0,0
0,0.56,3,2,0,0
0,0.57,3,2,5.10703e-15,3.5635e-18
0,0.58,3,2,7.77156e-16,4.07292e-19
0,0.59,3,2,0,0
0,0.6,3,2,0,0
0,0.61,3,2,0,0
0,0.62,3,2,4.88498e-15,8.15678e-19
0,0.63,3,2,1.66533e-15,2.08891e-19
0,0.64,3,2,0,0
0,0.65,3,2,0,0
0,0.66,3,2,8.88178e-16,4.71858e-20
0,0.67,3,2,1.9984e-15,7.97026e-20
0,0.68,3,2,0,0
0,0.69,3,2,0,0
0,0.7,3,2,0,0
0,0.71,3,2,0,0
0,0.72,3,2,4.77396e-15,4.52713e-20
0,0.73,3,2,2.33147e-15,1.6579e-20
0,0.74,3,2,1.88738e-15,1.00623e-20
0,0.75,3,2,0,0
0,0.76,3,2,0,0
0,0.77,3,2,0,0
0,0.78,3,2,0,0
0,0.79,3,2,2.22045e-16,2.79692e-22
0,0.8,3,2,0,0
0,0.81,3,2,4.44089e-16,3.13743e-22
0,0.82,3,2,3.10862e-15,1.64439e-21
0,0.83,3,2,1.86517e-14,7.38626e-21
0,0.84,3,2,0,0
0,0.85,3,2,2.22045e-16,4.92601e-23
0,0.86,3,2,1.77636e-14,2.94896e-21
0,0.87,3,2,0,0
0,0.88,3,2,3.33067e-16,3.09502e-23
0,0.89,3,2,7.54952e-15,5.24763e-22
0,0.9,3,2,4.44089e-16,2.30872e-23
0,0.91,3,2,3.33067e-16,1.2949e-23
0,0.92,3,2,0,0
0,0.93,3,2,5.9952e-15,1.30304e-22
0,0.94,3,2,0,0
0,0.95,3,2,0,0
0,0.96,3,2,0,0
0,0.97,3,2,0,0
0,0.98,3,2,3.33067e-16,1.68831e-24
0,0.99,3,2,0,0
0,1,3,2,3.33067e-16,9.424e-25
0,1.01,3,2,3.95239e-14,8.35392e-23
0,1.02,3,2,1.55431e-15,2.45387e-24
0,1.03,3,2,0,0
0,1.04,3,2,0,0
0,1.05,3,2,0,0
0,1.06,3,2,0,0
0,1.07,3,2,0,0
0,1.08,3,2,0,0
0,1.09,3,2,1.56541e-14,3.19743e-24
0,1.1,3,2,3.88578e-15,5.92408e-25
0,1.11,3,2,1.11022e-16,1.26324e-26
0,1.12,3,2,0,0
0,1.13,3,2,0,0
0,1.14,3,2,0,0
0,1.15,3,2,4.44089e-16,1.56654e-26
0,1.16,3,2,1.11022e-16,2.92177e-27
0,1.17,3,2,6.66134e-16,1.30776e-26
0,1.18,3,2,4.44089e-15,6.50337e-26
0,1.19,3,2,0,0
0,1.2,3,2,5.21805e-15,4.25094e-26
0,1.21,3,2,0,0
0,1.22,3,2,0,0
0,1.23,3,2,0,0
0,1.24,3,2,2.22045e-16,5.5934e-28
0,1.25,3,2,0,0
0,1.26,3,2,8.60423e-14,1.20477e-25
0,1.27,3,2,4.66294e-15,4.86733e-27
0,1.28,3,2,0,0
0,1.29,3,2,9.99201e-16,5.79534e-28
0,1.3,3,2,0,0
0,1.31,3,2,0,0
0,1.32,3,2,0,0
0,1.33,3,2,0,0
0,1.34,3,2,8.65974e-15,1.1547e-27
0,1.35,3,2,2.22045e-15,2.20617e-28
0,1.36,3,2,0,0
0,1.37,3,2,0,0
0,1.38,3,2,2.22045e-16,9.12425e-30
0,1.39,3,2,6.66134e-16,2.0392e-29
0,1.4,3,2,8.88178e-16,2.02542e-29
0,1.41,3,2,1.22125e-15,2.0745e-29
0,1.42,3,2,1.19904e-14,1.51712e-28
0,1.43,3,2,0,0
0,1.44,3,2,2.77556e-15,1.94813e-29
0,1.45,3,2,0,0
0,1.46,3,2,0,0
0,1.47,3,2,0,0
0,1.48,3,2,7.77156e-16,1.67762e-30
0,1.49,3,2,2.22045e-16,3.56907e-31
0,1.5,3,2,0,0
0,1.51,3,2,0,0
0,1.52,3,2,0,0
0,1.53,3,2,0,0
0,1.54,3,2,1.11022e-15,4.08209e-31
0,1.55,3,2,5.55112e-16,1.51939e-31
0,1.56,3,2,3.33067e-16,6.78604e-32
0,1.57,3,2,0,0
0,1.58,3,2,7.77156e-16,8.77274e-32
0,1.59,3,2,0,0
0,1.6,3,2,1.11022e-16,6.94239e-33
0,1.61,3,2,0,0
0,1.62,3,2,0,0
0,1.63,3,2,0,0
0,1.64,3,2,0,0
0,1.65,3,2,7.77156e-16,1.10916e-32
0,1.66,3,2,0,0
0,1.67,3,2,0,0
0,1.68,3,2,0,0
0,1.69,3,2,2.77556e-15,1.21411e-32
0,1.7,3,2,0,0
0,1.71,3,2,1.60982e-14,3.89766e-32
0,1.72,3,2,0,0
0,1.73,3,2,4.44089e-16,5.95052e-34
0,1.74,3,2,6.66134e-16,6.63978e-34
0,1.75,3,2,0,0
0,1.76,3,2,0,0
0,1.77,3,2,0,0
0,1.78,3,2,0,0
0,1.79,3,2,5.55112e-16,1.25979e-34
0,1.8,3,2,3.33067e-16,5.62179e-35
0,1.81,3,2,1.11022e-16,1.39368e-35
0,1.82,3,2,1.22125e-15,1.14013e-34
0,1.83,3,2,7.77156e-16,5.39565e-35
0,1.84,3,2,0,0
0,1.85,3,2,0,0
0,1.86,3,2,1.44329e-15,4.12064e-35
0,1.87,3,2,0,0
0,1.88,3,2,0,0
0,1.89,3,2,0,0
0,1.9,3,2,0,0
0,1.91,3,2,1.11022e-16,7.20385e-37
0,1.92,3,2,0,0
0,1.93,3,2,1.11022e-16,3.98197e-37
0,1.94,3,2,0,0
0,1.95,3,2,0,0
0,1.96,3,2,0,0
0,1.97,3,2,-nan,-nan
0,1.98,3,2,-nan,-nan
0,1.99,3,2,-nan,-nan
0,0.01,3,3,1.11022e-16,-1.76697e-19
0,0.02,3,3,0,-0
0,0.03,3,3,7.77156e-16,-3.71065e-18
0,0.04,3,3,1.11022e-16,-7.0679e-19
0,0.05,3,3,0,-0
0,0.06,3,3,7.77156e-16,-7.42129e-18
0,0.07,3,3,0,-0
0,0.08,3,3,0,-0
0,0.09,3,3,3.33067e-16,-4.77083e-18
0,0.1,3,3,0,-0
0,0.11,3,3,0,-0
0,0.12,3,3,0,-0
0,0.13,3,3,0,-0
0,0.14,3,3,9.99201e-16,-2.22639e-17
0,0.15,3,3,4.55191e-15,-1.08669e-16
0,0.16,3,3,8.88178e-16,-2.26173e-17
0,0.17,3,3,0,-0
0,0.18,3,3,0,-0
0,0.19,3,3,2.22045e-16,-6.71452e-18
0,0.2,3,3,4.44089e-16,-1.41359e-17
0,0.21,3,3,1.77636e-15,-5.93707e-17
0,0.22,3,3,1.33227e-15,-4.66485e-17
0,0.23,3,3,0,-0
0,0.24,3,3,0,-0
0,0.25,3,3,0,-0
0,0.26,3,3,1.33227e-14,-5.51309e-16
0,0.27,3,3,5.55112e-16,-2.38549e-17
0,0.28,3,3,0,-0
0,0.29,3,3,0,-0
0,0.3,3,3,3.33067e-16,-1.59041e-17
0,0.31,3,3,1.22125e-15,-6.02604e-17
0,0.32,3,3,0,-0
0,0.33,3,3,9.99201e-16,-5.24896e-17
0,0.34,3,3,6.66134e-16,-3.6056e-17
0,0.35,3,3,9.54792e-15,-5.32053e-16
0,0.36,3,3,0,-0
0,0.37,3,3,0,-0
0,0.38,3,3,0,-0
0,0.39,3,3,3.33067e-15,-2.06988e-16
0,0.4,3,3,0,-0
0,0.41,3,3,0,-0
0,0.42,3,3,0,-0
0,0.43,3,3,0,-0
0,0.44,3,3,0,-0
0,0.45,3,3,3.33067e-16,-2.40326e-17
0,0.46,3,3,0,-0
0,0.47,3,3,3.33067e-16,-2.52571e-17
0,0.48,3,3,5.10703e-15,-3.97441e-16
0,0.49,3,3,2.77556e-15,-2.21961e-16
0,0.5,3,3,8.88178e-16,-7.31322e-17
0,0.51,3,3,0,-0
0,0.52,3,3,2.22045e-16,-1.95771e-17
0,0.53,3,3,6.66134e-16,-6.12698e-17
0,0.54,3,3,0,-0
0,0.55,3,3,9.99201e-16,-1.03091e-16
0,0.56,3,3,0,-0
0,0.57,3,3,2.22045e-16,-2.7864e-17
0,0.58,3,3,0,-0
0,0.59,3,3,4.66294e-15,-8.87272e-16
0,0.6,3,3,6.66134e-16,-2.01835e-16
0,0.61,3,3,0,-0
0,0.62,3,3,0,0
0,0.63,3,3,0,0
0,0.64,3,3,0,0
0,0.65,3,3,4.44089e-16,2.19362e-17
0,0.66,3,3,0,0
0,0.67,3,3,4.44089e-16,1.01694e-17
0,0.68,3,3,7.77156e-16,1.26515e-17
0,0.69,3,3,3.9968e-15,4.69902e-17
0,0.7,3,3,1.77636e-15,1.52453e-17
0,0.71,3,3,0,0
0,0.72,3,3,1.88738e-15,8.80671e-18
0,0.73,3,3,5.55112e-16,1.92198e-18
0,0.74,3,3,0,0
0,0.75,3,3,1.35447e-14,2.60054e-17
0,0.76,3,3,2.33147e-15,3.34091e-18
0,0.77,3,3,0,0
0,0.78,3,3,9.99201e-16,7.99564e-19
0,0.79,3,3,2.22045e-16,1.32877e-19
0,0.8,3,3,3.31957e-14,1.48601e-17
0,0.81,3,3,0,0
0,0.82,3,3,3.88578e-15,9.73776e-19
0,0.83,3,3,0,0
0,0.84,3,3,2.22045e-16,3.11543e-20
0,0.85,3,3,0,0
0,0.86,3,3,0,0
0,0.87,3,3,1.68754e-14,9.91549e-19
0,0.88,3,3,1.9984e-15,8.78341e-20
0,0.89,3,3,1.22125e-15,4.01476e-20
0,0.9,3,3,2.22045e-16,5.45919e-21
0,0.91,3,3,0,0
0,0.92,3,3,0,0
0,0.93,3,3,0,0
0,0.94,3,3,2.66454e-15,2.0472e-20
0,0.95,3,3,5.55112e-16,3.18797e-21
0,0.96,3,3,7.10543e-15,3.0498e-20
0,0.97,3,3,0,0
0,0.98,3,3,7.77156e-16,1.86272e-21
0,0.99,3,3,0,0
0,1,3,3,1.22125e-15,1.63389e-21
0,1.01,3,3,5.9952e-15,5.99169e-21
0,1.02,3,3,0,0
0,1.03,3,3,0,0
0,1.04,3,3,0,0
0,1.05,3,3,1.77636e-15,5.52281e-22
0,1.06,3,3,0,0
0,1.07,3,3,0,0
0,1.08,3,3,0,0
0,1.09,3,3,1.11022e-16,1.07225e-23
0,1.1,3,3,0,0
0,1.11,3,3,0,0
0,1.12,3,3,7.66054e-15,3.07574e-22
0,1.13,3,3,0,0
0,1.14,3,3,0,0
0,1.15,3,3,3.44169e-15,5.74057e-23
0,1.16,3,3,0,0
0,1.17,3,3,0,0
0,1.18,3,3,0,0
0,1.19,3,3,7.77156e-16,4.01383e-24
0,1.2,3,3,9.99201e-15,3.84895e-23
0,1.21,3,3,0,0
0,1.22,3,3,4.44089e-16,9.51366e-25
0,1.23,3,3,3.10862e-15,4.96587e-24
0,1.24,3,3,2.22045e-15,2.64477e-24
0,1.25,3,3,0,0
0,1.26,3,3,0,0
0,1.27,3,3,3.33067e-16,1.6439e-25
0,1.28,3,3,0,0
0,1.29,3,3,8.88178e-16,2.43579e-25
0,1.3,3,3,0,0
0,1.31,3,3,2.22045e-16,3.38275e-26
0,1.32,3,3,1.44329e-15,1.63867e-25
0,1.33,3,3,0,0
0,1.34,3,3,0,0
0,1.35,3,3,1.9984e-15,9.38844e-26
0,1.36,3,3,2.94209e-14,1.02986e-24
0,1.37,3,3,0,0
0,1.38,3,3,2.55351e-15,4.96144e-26
0,1.39,3,3,3.33067e-16,4.82105e-27
0,1.4,3,3,8.88178e-16,9.57697e-27
0,1.41,3,3,0,0
0,1.42,3,3,0,0
0,1.43,3,3,3.33067e-16,1.48416e-27
0,1.44,3,3,0,0
0,1.45,3,3,0,0
0,1.46,3,3,2.10942e-15,3.88279e-27
0,1.47,3,3,2.33147e-15,3.19579e-27
0,1.48,3,3,8.88178e-16,9.06564e-28
0,1.49,3,3,1.22125e-15,9.28176e-28
0,1.5,3,3,4.44089e-16,2.51309e-28
0,1.51,3,3,8.88178e-16,3.7422e-28
0,1.52,3,3,0,0
0,1.53,3,3,0,0
0,1.54,3,3,1.77636e-15,3.08827e-28
0,1.55,3,3,0,0
0,1.56,3,3,1.22125e-15,1.17652e-28
0,1.57,3,3,0,0
0,1.58,3,3,0,0
0,1.59,3,3,0,0
0,1.6,3,3,9.99201e-16,2.95437e-29
0,1.61,3,3,0,0
0,1.62,3,3,2.30926e-14,3.78172e-28
0,1.63,3,3,0,0
0,1.64,3,3,0,0
0,1.65,3,3,0,0
0,1.66,3,3,2.55351e-15,1.28223e-29
0,1.67,3,3,0,0
0,1.68,3,3,9.99201e-16,2.77773e-30
0,1.69,3,3,0,0
0,1.7,3,3,0,0
0,1.71,3,3,0,0
0,1.72,3,3,0,0
0,1.73,3,3,3.33067e-16,2.11023e-31
0,1.74,3,3,8.88178e-16,4.18606e-31
0,1.75,3,3,0,0
0,1.76,3,3,1.11022e-16,2.89526e-32
0,1.77,3,3,0,0
0,1.78,3,3,1.11022e-15,1.60179e-31
0,1.79,3,3,0,0
0,1.8,3,3,4.44089e-16,3.54426e-32
0,1.81,3,3,0,0
0,1.82,3,3,0,0
0,1.83,3,3,0,0
0,1.84,3,3,0,0
0,1.85,3,3,0,0
0,1.86,3,3,0,0
0,1.87,3,3,0,0
0,1.88,3,3,5.55112e-16,4.14341e-33
0,1.89,3,3,2.22045e-16,1.23233e-33
0,1.9,3,3,0,0
0,1.91,3,3,1.26565e-14,3.88313e-32
0,1.92,3,3,3.33067e-16,7.59751e-34
0,1.93,3,3,8.88178e-16,1.50626e-33
0,1.94,3,3,0,0
0,1.95,3,3,0,0
0,1.96,3,3,0.00456621,3.18177e-21
0,1.97,3,3,-nan,-nan
0,1.98,3,3,-nan,-nan
0,1.99,3,3,-nan,-nan
0,0.01,4,-4,0,0
0,0.02,4,-4,0,0
0,0.03,4,-4,0,0
0,0.04,4,-4,0,0
0,0.05,4,-4,0,0
0,0.06,4,-4,3.33067e-16,1.04155e-29
0,0.07,4,-4,6.66134e-16,1.79747e-29
0,0.08,4,-4,7.77156e-16,1.77257e-29
0,0.09,4,-4,5.55112e-16,1.0535e-29
0,0.1,4,-4,2.22045e-16,3.46302e-30
0,0.11,4,-4,0,0
0,0.12,4,-4,5.88418e-15,6.0241e-29
0,0.13,4,-4,0,0
0,0.14,4,-4,0,0
0,0.15,4,-4,1.33227e-15,6.89797e-30
0,0.16,4,-4,1.11022e-16,4.53496e-31
0,0.17,4,-4,0,0
0,0.18,4,-4,0,0
0,0.19,4,-4,0,0
0,0.2,4,-4,0,0
0,0.21,4,-4,2.22045e-16,2.63466e-31
0,0.22,4,-4,0,0
0,0.23,4,-4,2.33147e-15,1.65742e-30
0,0.24,4,-4,0,0
0,0.25,4,-4,2.9976e-15,1.26706e-30
0,0.26,4,-4,1.11022e-15,3.60971e-31
0,0.27,4,-4,6.66134e-16,1.66348e-31
0,0.28,4,-4,0,0
0,0.29,4,-4,0,0
0,0.3,4,-4,0,0
0,0.31,4,-4,0,0
0,0.32,4,-4,0,0
0,0.33,4,-4,0,0
0,0.34,4,-4,0,0
0,0.35,4,-4,3.88578e-15,1.12636e-31
0,0.36,4,-4,6.66134e-16,1.46892e-32
0,0.37,4,-4,0,0
0,0.38,4,-4,0,0
0,0.39,4,-4,4.44089e-16,4.29223e-33
0,0.4,4,-4,0,0
0,0.41,4,-4,0,0
0,0.42,4,-4,5.55112e-16,2.33772e-33
0,0.43,4,-4,2.06501e-14,6.58504e-32
0,0.44,4,-4,0,0
0,0.45,4,-4,0,0
0,0.46,4,-4,0,0
0,0.47,4,-4,7.54952e-15,7.87412e-33
0,0.48,4,-4,0,0
0,0.49,4,-4,2.57572e-14,1.5321e-32
0,0.5,4,-4,0,0
0,0.51,4,-4,1.66533e-15,5.63995e-34
0,0.52,4,-4,0,0
0,0.53,4,-4,3.33067e-16,6.41239e-35
0,0.54,4,-4,0,0
0,0.55,4,-4,2.88658e-15,3.15477e-34
0,0.56,4,-4,0,0
0,0.57,4,-4,5.55112e-16,3.43943e-35
0,0.58,4,-4,4.21885e-15,1.96724e-34
0,0.59,4,-4,0,0
0,0.6,4,-4,0,0
0,0.61,4,-4,0,0
0,0.62,4,-4,0,0
0,0.63,4,-4,0,0
0,0.64,4,-4,2.55351e-15,2.15071e-35
0,0.65,4,-4,6.66134e-16,4.21446e-36
0,0.66,4,-4,0,0
0,0.67,4,-4,0,0
0,0.68,4,-4,1.22125e-15,3.27034e-36
0,0.69,4,-4,2.44249e-15,4.90872e-36
0,0.7,4,-4,0,0
0,0.71,4,-4,1.66533e-15,1.88389e-36
0,0.72,4,-4,0,0
0,0.73,4,-4,0,0
0,0.74,4,-4,0,0
0,0.75,4,-4,0,0
0,0.76,4,-4,4.21885e-15,1.13064e-36
0,0.77,4,-4,3.33067e-16,6.68875e-38
0,0.78,4,-4,1.33227e-15,2.00453e-37
0,0.79,4,-4,0,0
0,0.8,4,-4,0,0
0,0.81,4,-4,0,0
0,0.82,4,-4,2.22045e-16,1.05099e-38
0,0.83,4,-4,1.88738e-15,6.68786e-38
0,0.84,4,-4,0,0
0,0.85,4,-4,0,0
0,0.86,4,-4,5.55112e-16,8.24598e-39
0,0.87,4,-4,0,0
0,0.88,4,-4,0,0
0,0.89,4,-4,0,0
0,0.9,4,-4,3.33067e-16,1.54937e-39
0,0.91,4,-4,1.62093e-14,5.63886e-38
0,0.92,4,-4,0,0
0,0.93,4,-4,1.77636e-15,3.45469e-39
0,0.94,4,-4,2.9976e-15,4.35815e-39
0,0.95,4,-4,0,0
0,0.96,4,-4,1.22125e-15,9.91936e-40
0,0.97,4,-4,0,0
0,0.98,4,-4,2.33147e-15,1.05749e-39
0,0.99,4,-4,1.11022e-16,3.76243e-41
0,1,4,-4,0,0
0,1.01,4,-4,1.59872e-14,3.02362e-39
0,1.02,4,-4,5.55112e-16,7.84183e-41
0,1.03,4,-4,0,0
0,1.04,4,-4,0,0
0,1.05,4,-4,3.33067e-16,1.95962e-41
0,1.06,4,-4,2.55351e-15,1.12176e-40
0,1.07,4,-4,5.10703e-15,1.67499e-40
0,1.08,4,-4,8.43769e-15,2.06591e-40
0,1.09,4,-4,0,0
0,1.1,4,-4,0,0
0,1.11,4,-4,1.22125e-15,1.24338e-41
0,1.12,4,-4,0,0
0,1.13,4,-4,7.66054e-15,4.34336e-41
0,1.14,4,-4,0,0
0,1.15,4,-4,4.44089e-16,1.40173e-42
0,1.16,4,-4,0,0
0,1.17,4,-4,0,0
0,1.18,4,-4,0,0
0,1.19,4,-4,1.11022e-15,1.08511e-42
0,1.2,4,-4,2.33147e-15,1.69954e-42
0,1.21,4,-4,1.44329e-15,7.84627e-43
0,1.22,4,-4,0,0
0,1.23,4,-4,2.54241e-13,7.68571e-41
0,1.24,4,-4,6.77236e-15,1.52651e-42
0,1.25,4,-4,0,0
0,1.26,4,-4,0,0
0,1.27,4,-4,9.99201e-16,9.33272e-44
0,1.28,4,-4,1.11022e-15,7.72995e-44
0,1.29,4,-4,0,0
0,1.3,4,-4,7.10543e-15,2.74852e-43
0,1.31,4,-4,0,0
0,1.32,4,-4,3.33067e-15,7.15616e-44
0,1.33,4,-4,0,0
0,1.34,4,-4,0,0
0,1.35,4,-4,0,0
0,1.36,4,-4,0,0
0,1.37,4,-4,1.34337e-14,6.63e-44
0,1.38,4,-4,6.66134e-16,2.4493e-45
0,1.39,4,-4,0,0
0,1.4,4,-4,0,0
0,1.41,4,-4,0,0
0,1.42,4,-4,3.33067e-16,3.77086e-46
0,1.43,4,-4,0,0
0,1.44,4,-4,0,0
0,1.45,4,-4,1.97176e-13,9.22264e-44
0,1.46,4,-4,9.99201e-16,3.48052e-46
0,1.47,4,-4,0,0
0,1.48,4,-4,0,0
0,1.49,4,-4,7.77156e-16,1.11776e-46
0,1.5,4,-4,0,0
0,1.51,4,-4,6.66134e-16,5.31129e-47
0,1.52,4,-4,0,0
0,1.53,4,-4,1.9984e-15,8.83172e-47
0,1.54,4,-4,4.21885e-15,1.388e-46
0,1.55,4,-4,1.22125e-15,2.99099e-47
0,1.56,4,-4,0,0
0,1.57,4,-4,0,0
0,1.58,4,-4,2.66454e-15,2.69136e-47
0,1.59,4,-4,0,0
0,1.6,4,-4,7.77156e-16,4.34842e-48
0,1.61,4,-4,0,0
0,1.62,4,-4,0,0
0,1.63,4,-4,9.99201e-16,2.3044e-48
0,1.64,4,-4,1.66533e-15,2.85803e-48
0,1.65,4,-4,0,0
0,1.66,4,-4,1.11022e-15,1.05499e-48
0,1.67,4,-4,1.11022e-16,7.84986e-50
0,1.68,4,-4,9.99201e-16,5.25656e-49
0,1.69,4,-4,0,0
0,1.7,4,-4,0,0
0,1.71,4,-4,0,0
0,1.72,4,-4,0,0
0,1.73,4,-4,1.33227e-15,1.59735e-49
0,1.74,4,-4,3.9968e-15,3.56475e-49
0,1.75,4,-4,0,0
0,1.76,4,-4,0,0
0,1.77,4,-4,1.77636e-15,6.52055e-50
0,1.78,4,-4,2.22045e-16,6.06242e-51
0,1.79,4,-4,8.88178e-16,1.80361e-50
0,1.8,4,-4,1.44329e-15,2.17982e-50
0,1.81,4,-4,1.11022e-15,1.24706e-50
0,1.82,4,-4,0,0
0,1.83,4,-4,1.66533e-15,1.03457e-50
0,1.84,4,-4,1.3578e-13,6.27289e-49
0,1.85,4,-4,0,0
0,1.86,4,-4,0,0
0,1.87,4,-4,5.55112e-16,1.05451e-51
0,1.88,4,-4,2.44249e-15,3.45002e-51
0,1.89,4,-4,2.66454e-15,2.79846e-51
0,1.9,4,-4,2.22045e-16,1.73394e-52
0,1.91,4,-4,5.55112e-16,3.22299e-52
0,1.92,4,-4,0,0
0,1.93,4,-4,0,0
0,1.94,4,-4,1.11022e-15,2.64893e-52
0,1.95,4,-4,0,0
0,1.96,4,-4,0,0
0,1.97,4,-4,-nan,-nan
0,1.98,4,-4,-nan,-nan
0,1.99,4,-4,-nan,-nan
0,0.01,4,-3,0,0
0,0.02,4,-3,1.11022e-16,1.82865e-27
0,0.03,4,-3,0,0
0,0.04,4,-3,0,0
0,0.05,4,-3,5.55112e-16,9.24816e-27
0,0.06,4,-3,6.66134e-16,9.84969e-27
0,0.07,4,-3,6.66134e-16,8.49912e-27
0,0.08,4,-3,0,0
0,0.09,4,-3,0,0
0,0.1,4,-3,7.77156e-16,5.73108e-27
0,0.11,4,-3,0,0
0,0.12,4,-3,0,0
0,0.13,4,-3,0,0
0,0.14,4,-3,2.44249e-15,7.54584e-27
0,0.15,4,-3,0,0
0,0.16,4,-3,0,0
0,0.17,4,-3,0,0
0,0.18,4,-3,4.44089e-16,5.27846e-28
0,0.19,4,-3,9.99201e-16,9.27205e-28
0,0.2,4,-3,5.55112e-16,4.01037e-28
0,0.21,4,-3,0,0
0,0.22,4,-3,4.44089e-16,1.93053e-28
0,0.23,4,-3,4.44089e-16,1.49275e-28
0,0.24,4,-3,9.99201e-16,2.59213e-28
0,0.25,4,-3,3.44169e-15,6.87874e-28
0,0.26,4,-3,0,0
0,0.27,4,-3,1.95399e-14,2.30724e-27
0,0.28,4,-3,0,0
0,0.29,4,-3,0,0
0,0.3,4,-3,0,0
0,0.31,4,-3,3.33067e-16,1.35119e-29
0,0.32,4,-3,0,0
0,0.33,4,-3,0,0
0,0.34,4,-3,1.55431e-15,2.79805e-29
0,0.35,4,-3,0,0
0,0.36,4,-3,1.9984e-15,2.08369e-29
0,0.37,4,-3,5.88418e-15,4.6638e-29
0,0.38,4,-3,0,0
0,0.39,4,-3,3.9968e-15,1.82658e-29
0,0.4,4,-3,4.10783e-15,1.42409e-29
0,0.41,4,-3,0,0
0,0.42,4,-3,0,0
0,0.43,4,-3,0,0
0,0.44,4,-3,0,0
0,0.45,4,-3,1.88738e-15,1.62915e-30
0,0.46,4,-3,1.9984e-15,1.30417e-30
0,0.47,4,-3,0,0
0,0.48,4,-3,0,0
0,0.49,4,-3,0,0
0,0.5,4,-3,3.10862e-15,6.59857e-31
0,0.51,4,-3,1.22125e-15,1.95564e-31
0,0.52,4,-3,0,0
0,0.53,4,-3,4.44089e-16,4.0427e-32
0,0.54,4,-3,7.77156e-16,5.33128e-32
0,0.55,4,-3,3.03091e-14,1.56628e-30
0,0.56,4,-3,0,0
0,0.57,4,-3,0,0
0,0.58,4,-3,3.44169e-15,7.58836e-32
0,0.59,4,-3,3.33067e-15,5.52505e-32
0,0.6,4,-3,8.65974e-15,1.08047e-31
0,0.61,4,-3,6.10623e-15,5.72881e-32
0,0.62,4,-3,0,0
0,0.63,4,-3,0,0
0,0.64,4,-3,0,0
0,0.65,4,-3,0,0
0,0.66,4,-3,0,0
0,0.67,4,-3,0,0
0,0.68,4,-3,0,0
0,0.69,4,-3,1.0103e-14,9.60062e-33
0,0.7,4,-3,2.9976e-15,2.13735e-33
0,0.71,4,-3,0,0
0,0.72,4,-3,3.21965e-15,1.29167e-33
0,0.73,4,-3,2.22045e-16,6.68005e-35
0,0.74,4,-3,0,0
0,0.75,4,-3,4.10783e-15,6.94543e-34
0,0.76,4,-3,1.66533e-15,2.11031e-34
0,0.77,4,-3,0,0
0,0.78,4,-3,0,0
0,0.79,4,-3,0,0
0,0.8,4,-3,0,0
0,0.81,4,-3,6.66134e-15,1.99113e-34
0,0.82,4,-3,4.44089e-16,9.93899e-36
0,0.83,4,-3,0,0
0,0.84,4,-3,4.44089e-16,5.56951e-36
0,0.85,4,-3,0,0
0,0.86,4,-3,7.77156e-16,5.45862e-36
0,0.87,4,-3,0,0
0,0.88,4,-3,0,0
0,0.89,4,-3,1.66533e-15,4.89758e-36
0,0.9,4,-3,0,0
0,0.91,4,-3,0,0
0,0.92,4,-3,1.34337e-14,1.65229e-35
0,0.93,4,-3,1.11022e-15,1.02094e-36
0,0.94,4,-3,1.33227e-15,9.15867e-37
0,0.95,4,-3,0,0
0,0.96,4,-3,2.33147e-15,8.95412e-37
0,0.97,4,-3,0,0
0,0.98,4,-3,0,0
0,0.99,4,-3,8.88178e-16,1.42322e-37
0,1,4,-3,8.88178e-16,1.06326e-37
0,1.01,4,-3,1.11022e-16,9.92834e-39
0,1.02,4,-3,0,0
0,1.03,4,-3,0,0
0,1.04,4,-3,1.11022e-15,4.13621e-38
0,1.05,4,-3,2.66454e-15,7.41266e-38
0,1.06,4,-3,2.22045e-15,4.61226e-38
0,1.07,4,-3,2.10942e-15,3.2713e-38
0,1.08,4,-3,0,0
0,1.09,4,-3,0,0
0,1.1,4,-3,3.9968e-15,2.57805e-38
0,1.11,4,-3,3.33067e-16,1.60341e-39
0,1.12,4,-3,0,0
0,1.13,4,-3,0,0
0,1.14,4,-3,8.43769e-15,1.68785e-38
0,1.15,4,-3,1.33227e-15,1.98838e-39
0,1.16,4,-3,7.77156e-16,8.65327e-40
0,1.17,4,-3,3.33067e-16,2.76653e-40
0,1.18,4,-3,0,0
0,1.19,4,-3,3.33067e-15,1.53924e-39
0,1.2,4,-3,0,0
0,1.21,4,-3,1.11022e-15,2.85386e-40
0,1.22,4,-3,0,0
0,1.23,4,-3,2.9976e-15,4.28475e-40
0,1.24,4,-3,8.54872e-15,9.11115e-40
0,1.25,4,-3,7.32747e-15,5.82263e-40
0,1.26,4,-3,0,0
0,1.27,4,-3,3.33067e-16,1.47096e-41
0,1.28,4,-3,1.11022e-16,3.65502e-42
0,1.29,4,-3,3.33067e-16,8.17325e-42
0,1.3,4,-3,2.33147e-15,4.26433e-41
0,1.31,4,-3,4.13003e-14,5.62998e-40
0,1.32,4,-3,5.44009e-15,5.52672e-41
0,1.33,4,-3,1.9984e-15,1.51296e-41
0,1.34,4,-3,0,0
0,1.35,4,-3,0,0
0,1.36,4,-3,5.55112e-16,1.7387e-42
0,1.37,4,-3,0,0
0,1.38,4,-3,0,0
0,1.39,4,-3,0,0
0,1.4,4,-3,0,0
0,1.41,4,-3,2.77556e-15,1.99479e-42
0,1.42,4,-3,1.66533e-15,8.91503e-43
0,1.43,4,-3,0,0
0,1.44,4,-3,0,0
0,1.45,4,-3,6.66134e-16,1.47325e-43
0,1.46,4,-3,5.55112e-16,9.14291e-44
0,1.47,4,-3,5.66214e-15,6.94471e-43
0,1.48,4,-3,3.66374e-15,3.34616e-43
0,1.49,4,-3,0,0
0,1.5,4,-3,1.77636e-15,8.9948e-44
0,1.51,4,-3,0,0
0,1.52,4,-3,0,0
0,1.53,4,-3,0,0
0,1.54,4,-3,0,0
0,1.55,4,-3,0,0
0,1.56,4,-3,8.88178e-16,7.65636e-45
0,1.57,4,-3,0,0
0,1.58,4,-3,0,0
0,1.59,4,-3,0,0
0,1.6,4,-3,0,0
0,1.61,4,-3,3.33067e-16,6.55809e-46
0,1.62,4,-3,0,0
0,1.63,4,-3,9.99201e-16,1.08961e-45
0,1.64,4,-3,0,0
0,1.65,4,-3,2.22045e-16,1.3408e-46
0,1.66,4,-3,3.33067e-16,1.49652e-46
0,1.67,4,-3,0,0
0,1.68,4,-3,5.55112e-16,1.38084e-46
0,1.69,4,-3,0,0
0,1.7,4,-3,1.55431e-15,2.14017e-46
0,1.71,4,-3,2.22045e-15,2.27459e-46
0,1.72,4,-3,0,0
0,1.73,4,-3,5.55112e-16,3.14704e-47
0,1.74,4,-3,0,0
0,1.75,4,-3,0,0
0,1.76,4,-3,0,0
0,1.77,4,-3,0,0
0,1.78,4,-3,7.43849e-15,9.60292e-47
0,1.79,4,-3,0,0
0,1.8,4,-3,1.77636e-15,1.26856e-47
0,1.81,4,-3,1.22125e-15,6.48625e-48
0,1.82,4,-3,0,0
0,1.83,4,-3,1.55431e-15,4.56573e-48
0,1.84,4,-3,0,0
0,1.85,4,-3,6.66134e-16,1.08209e-48
0,1.86,4,-3,0,0
0,1.87,4,-3,0,0
0,1.88,4,-3,0,0
0,1.89,4,-3,0,0
0,1.9,4,-3,1.11022e-16,4.09937e-50
0,1.91,4,-3,6.66134e-16,1.82874e-49
0,1.92,4,-3,1.22125e-15,2.49268e-49
0,1.93,4,-3,0,0
0,1.94,4,-3,0,0
0,1.95,4,-3,0,0
0,1.96,4,-3,0,0
0,1.97,4,-3,-nan,-nan
0,1.98,4,-3,-nan,-nan
0,1.99,4,-3,-nan,-nan
0,0.01,4,-2,2.22045e-16,1.16907e-24
0,0.02,4,-2,2.22045e-16,1.72932e-24
0,0.03,4,-2,3.33067e-16,2.87781e-24
0,0.04,4,-2,5.55112e-16,4.72992e-24
0,0.05,4,-2,0,0
0,0.06,4,-2,0,0
0,0.07,4,-2,6.66134e-16,4.01871e-24
0,0.08,4,-2,0,0
0,0.09,4,-2,0,0
0,0.1,4,-2,3.33067e-16,1.16137e-24
0,0.11,4,-2,6.88338e-15,1.95272e-23
0,0.12,4,-2,1.88738e-15,4.32007e-24
0,0.13,4,-2,6.66134e-16,1.22169e-24
0,0.14,4,-2,3.44169e-15,5.02758e-24
0,0.15,4,-2,1.88738e-15,2.18481e-24
0,0.16,4,-2,0,0
0,0.17,4,-2,2.10942e-15,1.51386e-24
0,0.18,4,-2,0,0
0,0.19,4,-2,0,0
0,0.2,4,-2,0,0
0,0.21,4,-2,0,0
0,0.22,4,-2,0,0
0,0.23,4,-2,0,0
0,0.24,4,-2,0,0
0,0.25,4,-2,1.77636e-15,1.67873e-25
0,0.26,4,-2,0,0
0,0.27,4,-2,4.44089e-16,2.47943e-26